125.0,3.0,1.0,4.0,60.0,1.9,0.0,6.7,4.0,0.0,0.0,0.0,90.0,74.0,164.0,6.0,1.0,130.0,121.0,124.0,26.0,0.0
139.0,11.0,1.0,7.0,53.0,1.5,0.0,21.0,0.0,0.0,0.0,0.0,107.0,97.0,204.0,7.0,0.0,152.0,155.0,153.0,39.0,0.0
128.0,0.0,7.0,9.0,63.0,3.0,0.0,1.5,10.0,0.0,0.0,0.0,96.0,64.0,160.0,5.0,2.0,127.0,109.0,128.0,24.0,0.0
145.0,2.0,2.0,1.0,34.0,1.7,0.0,22.3,0.0,0.0,0.0,0.0,117.0,57.0,174.0,6.0,1.0,150.0,147.0,150.0,11.0,1.0
142.0,1.0,0.0,5.0,25.0,3.1,0.0,2.5,8.0,0.0,0.0,0.0,144.0,50.0,194.0,7.0,0.0,143.0,129.0,137.0,56.0,0.0
134.0,0.0,0.0,2.0,22.0,2.1,0.0,8.0,3.0,0.0,0.0,0.0,111.0,54.0,165.0,5.0,2.0,126.0,118.0,127.0,59.0,0.0
129.0,0.0,1.0,6.0,67.0,3.3,0.0,0.0,5.0,0.0,2.0,0.0,129.0,63.0,192.0,7.0,0.0,105.0,80.0,107.0,14.0,-1.0
134.0,1.0,1.0,0.0,63.0,1.5,0.0,0.0,1.0,0.0,2.0,0.0,100.0,71.0,171.0,4.0,1.0,89.0,105.0,105.0,72.0,-1.0
142.0,0.0,1.0,1.0,43.0,0.8,3.0,9.4,0.0,0.0,0.0,0.0,27.0,137.0,164.0,2.0,0.0,146.0,145.0,146.0,1.0,-1.0
128.0,7.0,10.0,4.0,31.0,1.7,0.0,3.7,6.0,0.0,0.0,0.0,109.0,68.0,177.0,11.0,0.0,137.0,128.0,135.0,40.0,0.0
128.0,0.0,7.0,6.0,63.0,2.8,0.0,1.4,9.0,0.0,0.0,0.0,96.0,64.0,160.0,3.0,0.0,127.0,114.0,129.0,16.0,0.0
125.0,0.0,1.0,6.0,62.0,1.9,0.0,1.6,6.0,0.0,0.0,0.0,70.0,68.0,138.0,6.0,0.0,130.0,118.0,127.0,25.0,1.0
129.0,0.0,1.0,7.0,66.0,2.9,0.0,0.0,7.0,0.0,3.0,0.0,94.0,50.0,144.0,8.0,0.0,105.0,85.0,109.0,11.0,0.0
133.0,0.0,0.0,4.0,22.0,1.6,0.0,21.3,0.0,0.0,0.0,0.0,47.0,105.0,152.0,1.0,0.0,138.0,135.0,138.0,5.0,1.0
158.0,7.0,21.0,2.0,41.0,0.8,0.0,0.0,0.0,0.0,0.0,0.0,45.0,153.0,198.0,2.0,0.0,186.0,180.0,183.0,11.0,1.0
125.0,0.0,1.0,11.0,62.0,1.7,0.0,1.3,11.0,0.0,0.0,0.0,69.0,71.0,140.0,8.0,0.0,130.0,117.0,125.0,30.0,1.0
144.0,7.0,5.0,1.0,71.0,0.8,0.0,2.7,1.0,0.0,0.0,0.0,94.0,82.0,176.0,3.0,0.0,156.0,154.0,155.0,6.0,1.0
139.0,7.0,0.0,6.0,54.0,1.0,0.0,18.1,0.0,0.0,0.0,0.0,85.0,96.0,181.0,5.0,0.0,148.0,147.0,148.0,12.0,0.0
141.0,1.0,0.0,4.0,25.0,1.8,1.0,12.6,3.0,0.0,0.0,0.0,86.0,85.0,171.0,9.0,0.0,145.0,141.0,145.0,17.0,1.0
154.0,0.0,0.0,1.0,48.0,0.9,0.0,12.7,0.0,0.0,0.0,0.0,90.0,93.0,183.0,4.0,0.0,167.0,161.0,163.0,8.0,1.0
130.0,7.0,1.0,0.0,67.0,0.9,0.0,2.8,0.0,0.0,0.0,0.0,46.0,112.0,158.0,4.0,0.0,137.0,138.0,139.0,4.0,0.0
129.0,6.0,22.0,2.0,44.0,1.0,0.0,5.2,0.0,0.0,0.0,0.0,113.0,75.0,188.0,6.0,0.0,150.0,141.0,146.0,18.0,0.0
144.0,0.0,2.0,1.0,78.0,0.6,23.0,11.0,1.0,0.0,0.0,0.0,126.0,74.0,200.0,5.0,0.0,146.0,145.0,147.0,3.0,0.0
115.0,5.0,0.0,11.0,22.0,1.7,0.0,10.2,1.0,0.0,0.0,0.0,102.0,76.0,178.0,3.0,2.0,129.0,124.0,128.0,17.0,0.0
130.0,1.0,0.0,5.0,41.0,0.8,13.0,9.9,0.0,0.0,0.0,0.0,42.0,114.0,156.0,2.0,1.0,136.0,135.0,137.0,2.0,0.0
141.0,4.0,0.0,8.0,58.0,0.6,0.0,7.9,0.0,0.0,0.0,0.0,63.0,108.0,171.0,3.0,1.0,153.0,153.0,155.0,4.0,1.0
123.0,2.0,3.0,0.0,56.0,0.7,0.0,7.4,0.0,0.0,0.0,0.0,71.0,81.0,152.0,4.0,0.0,127.0,129.0,131.0,4.0,1.0
123.0,0.0,0.0,0.0,32.0,1.1,0.0,16.9,0.0,0.0,0.0,0.0,76.0,66.0,142.0,3.0,0.0,125.0,125.0,125.0,4.0,1.0
134.0,0.0,0.0,0.0,81.0,0.2,91.0,1.3,0.0,0.0,0.0,0.0,3.0,133.0,136.0,1.0,0.0,135.0,134.0,136.0,0.0,1.0
122.0,6.0,0.0,0.0,25.0,1.5,0.0,10.9,0.0,0.0,0.0,0.0,72.0,85.0,157.0,6.0,2.0,136.0,129.0,133.0,14.0,1.0
122.0,0.0,0.0,2.0,22.0,1.8,2.0,15.7,0.0,0.0,0.0,0.0,36.0,104.0,140.0,2.0,0.0,126.0,125.0,127.0,2.0,0.0
133.0,0.0,1.0,4.0,78.0,0.8,59.0,2.6,0.0,0.0,0.0,0.0,13.0,131.0,144.0,1.0,0.0,136.0,134.0,136.0,0.0,-1.0
133.0,1.0,0.0,4.0,49.0,1.0,1.0,11.4,0.0,0.0,0.0,0.0,60.0,101.0,161.0,4.0,1.0,135.0,136.0,137.0,4.0,0.0
130.0,1.0,0.0,7.0,61.0,2.0,0.0,0.0,8.0,0.0,0.0,0.0,127.0,50.0,177.0,5.0,0.0,121.0,98.0,115.0,94.0,0.0
137.0,5.0,4.0,4.0,59.0,1.4,0.0,7.0,1.0,0.0,0.0,0.0,48.0,122.0,170.0,2.0,0.0,146.0,141.0,143.0,8.0,0.0
120.0,0.0,0.0,5.0,64.0,1.7,0.0,0.0,10.0,0.0,2.0,0.0,111.0,63.0,174.0,10.0,1.0,86.0,93.0,101.0,42.0,-1.0
135.0,3.0,0.0,2.0,25.0,1.5,0.0,8.9,3.0,0.0,0.0,0.0,68.0,90.0,158.0,3.0,0.0,136.0,134.0,136.0,10.0,0.0
146.0,0.0,3.0,0.0,81.0,0.2,67.0,3.9,0.0,0.0,0.0,0.0,13.0,137.0,150.0,1.0,0.0,146.0,144.0,146.0,1.0,0.0
137.0,12.0,4.0,5.0,56.0,1.1,0.0,5.2,1.0,0.0,0.0,0.0,48.0,122.0,170.0,1.0,0.0,146.0,144.0,146.0,8.0,0.0
133.0,0.0,173.0,2.0,18.0,2.7,0.0,21.5,1.0,0.0,1.0,0.0,107.0,67.0,174.0,4.0,0.0,115.0,120.0,121.0,48.0,0.0
127.0,0.0,0.0,2.0,22.0,1.7,0.0,15.5,0.0,0.0,0.0,0.0,91.0,107.0,198.0,6.0,0.0,135.0,134.0,137.0,6.0,-1.0
127.0,4.0,2.0,0.0,47.0,1.1,0.0,12.6,0.0,0.0,0.0,0.0,83.0,64.0,147.0,2.0,0.0,129.0,131.0,132.0,7.0,1.0
125.0,0.0,1.0,7.0,65.0,1.0,0.0,5.2,8.0,0.0,1.0,0.0,76.0,64.0,140.0,4.0,1.0,116.0,111.0,115.0,10.0,0.0
142.0,7.0,0.0,4.0,41.0,1.0,0.0,0.7,0.0,0.0,0.0,0.0,44.0,134.0,178.0,4.0,0.0,149.0,152.0,152.0,5.0,0.0
120.0,3.0,0.0,2.0,43.0,1.4,5.0,18.4,0.0,0.0,0.0,0.0,106.0,50.0,156.0,8.0,0.0,129.0,129.0,130.0,11.0,1.0
138.0,2.0,0.0,4.0,45.0,0.7,13.0,6.5,0.0,0.0,0.0,0.0,25.0,131.0,156.0,0.0,0.0,147.0,145.0,146.0,2.0,0.0
126.0,3.0,0.0,2.0,49.0,0.7,0.0,9.7,0.0,0.0,0.0,0.0,90.0,63.0,153.0,2.0,0.0,133.0,133.0,134.0,4.0,1.0
133.0,4.0,0.0,3.0,29.0,1.7,0.0,23.4,1.0,0.0,0.0,0.0,89.0,64.0,153.0,9.0,2.0,142.0,135.0,141.0,22.0,1.0
140.0,0.0,0.0,1.0,60.0,0.8,32.0,11.2,0.0,0.0,0.0,0.0,120.0,79.0,199.0,9.0,0.0,141.0,141.0,142.0,3.0,0.0
140.0,1.0,0.0,1.0,80.0,0.2,36.0,2.2,0.0,0.0,0.0,0.0,18.0,140.0,158.0,1.0,0.0,147.0,148.0,149.0,1.0,0.0
150.0,0.0,9.0,0.0,71.0,0.4,18.0,7.9,0.0,0.0,0.0,0.0,17.0,139.0,156.0,0.0,0.0,151.0,151.0,152.0,0.0,1.0
146.0,0.0,0.0,6.0,65.0,0.4,44.0,6.6,0.0,0.0,0.0,0.0,22.0,134.0,156.0,3.0,0.0,152.0,150.0,152.0,1.0,1.0
128.0,0.0,5.0,0.0,73.0,0.3,38.0,7.1,0.0,0.0,0.0,0.0,22.0,122.0,144.0,1.0,0.0,129.0,130.0,131.0,1.0,0.0
120.0,5.0,0.0,11.0,50.0,1.6,7.0,8.1,2.0,0.0,0.0,0.0,118.0,53.0,171.0,7.0,2.0,125.0,126.0,127.0,14.0,0.0
125.0,3.0,1.0,5.0,59.0,2.1,0.0,7.8,2.0,0.0,0.0,0.0,90.0,74.0,164.0,8.0,1.0,131.0,122.0,126.0,27.0,0.0
123.0,0.0,0.0,0.0,49.0,0.8,7.0,13.8,0.0,0.0,0.0,0.0,74.0,63.0,137.0,2.0,0.0,129.0,127.0,129.0,2.0,1.0
137.0,17.0,0.0,4.0,56.0,2.2,0.0,0.4,6.0,0.0,0.0,0.0,136.0,52.0,188.0,4.0,0.0,160.0,141.0,159.0,59.0,1.0
137.0,1.0,0.0,1.0,63.0,0.5,9.0,7.8,0.0,0.0,0.0,0.0,75.0,125.0,200.0,4.0,0.0,146.0,144.0,146.0,2.0,-1.0
134.0,6.0,1.0,8.0,61.0,1.1,0.0,6.0,5.0,0.0,0.0,0.0,83.0,90.0,173.0,5.0,0.0,142.0,143.0,147.0,17.0,1.0
134.0,1.0,0.0,10.0,26.0,5.9,0.0,0.0,9.0,0.0,2.0,0.0,150.0,50.0,200.0,5.0,3.0,76.0,107.0,107.0,170.0,0.0
147.0,9.0,11.0,3.0,71.0,0.7,0.0,9.5,0.0,0.0,0.0,0.0,82.0,116.0,198.0,2.0,0.0,156.0,158.0,159.0,10.0,0.0
138.0,6.0,0.0,3.0,49.0,1.6,0.0,5.7,4.0,0.0,0.0,0.0,92.0,80.0,172.0,5.0,0.0,142.0,140.0,144.0,22.0,1.0
142.0,0.0,3.0,0.0,68.0,0.3,38.0,6.7,0.0,0.0,0.0,0.0,15.0,136.0,151.0,1.0,0.0,142.0,142.0,143.0,0.0,0.0
130.0,0.0,0.0,2.0,31.0,1.1,0.0,14.3,0.0,0.0,0.0,0.0,36.0,114.0,150.0,1.0,2.0,131.0,132.0,133.0,1.0,0.0
130.0,3.0,2.0,1.0,74.0,1.3,8.0,5.0,0.0,0.0,0.0,0.0,32.0,126.0,158.0,3.0,0.0,139.0,137.0,140.0,3.0,0.0
140.0,0.0,0.0,3.0,48.0,0.9,21.0,9.5,0.0,0.0,0.0,0.0,37.0,135.0,172.0,2.0,1.0,151.0,152.0,152.0,3.0,0.0
146.0,0.0,3.0,0.0,79.0,0.2,56.0,4.3,0.0,0.0,0.0,0.0,12.0,137.0,149.0,1.0,0.0,144.0,143.0,145.0,0.0,0.0
138.0,0.0,2.0,1.0,62.0,0.5,9.0,8.1,0.0,0.0,0.0,0.0,27.0,121.0,148.0,1.0,0.0,142.0,140.0,142.0,1.0,1.0
122.0,0.0,0.0,0.0,19.0,1.9,0.0,15.1,0.0,0.0,0.0,0.0,39.0,103.0,142.0,1.0,0.0,120.0,120.0,122.0,3.0,0.0
130.0,4.0,273.0,3.0,19.0,2.3,0.0,8.7,3.0,0.0,1.0,0.0,107.0,67.0,174.0,3.0,0.0,134.0,127.0,133.0,43.0,0.0
139.0,2.0,8.0,0.0,55.0,0.8,8.0,8.9,0.0,0.0,0.0,0.0,63.0,127.0,190.0,7.0,1.0,144.0,146.0,147.0,4.0,-1.0
131.0,1.0,443.0,4.0,29.0,2.0,0.0,8.1,4.0,0.0,2.0,0.0,111.0,54.0,165.0,14.0,0.0,129.0,112.0,128.0,103.0,1.0
146.0,9.0,0.0,8.0,28.0,1.3,1.0,6.9,0.0,0.0,0.0,0.0,65.0,120.0,185.0,7.0,1.0,153.0,154.0,155.0,6.0,0.0
147.0,0.0,0.0,5.0,48.0,0.6,52.0,5.2,0.0,0.0,0.0,0.0,18.0,149.0,167.0,2.0,0.0,160.0,158.0,159.0,0.0,0.0
130.0,2.0,317.0,4.0,23.0,1.9,0.0,8.8,3.0,0.0,1.0,0.0,99.0,59.0,158.0,6.0,0.0,133.0,124.0,129.0,36.0,1.0
130.0,4.0,0.0,7.0,48.0,0.7,32.0,6.7,0.0,0.0,0.0,0.0,53.0,102.0,155.0,5.0,0.0,137.0,136.0,138.0,2.0,0.0
129.0,5.0,6.0,6.0,22.0,5.2,0.0,0.0,8.0,0.0,0.0,0.0,145.0,50.0,195.0,13.0,1.0,139.0,122.0,129.0,86.0,0.0
120.0,0.0,10.0,0.0,56.0,0.5,12.0,8.5,0.0,0.0,0.0,0.0,30.0,103.0,133.0,2.0,0.0,120.0,121.0,122.0,1.0,0.0
122.0,2.0,0.0,4.0,23.0,1.7,3.0,9.3,2.0,0.0,0.0,0.0,73.0,84.0,157.0,3.0,0.0,126.0,121.0,122.0,14.0,0.0
126.0,0.0,0.0,3.0,35.0,1.0,5.0,7.8,0.0,0.0,0.0,0.0,21.0,121.0,142.0,1.0,0.0,136.0,133.0,135.0,2.0,0.0
132.0,0.0,0.0,3.0,51.0,0.6,2.0,9.6,0.0,0.0,0.0,0.0,25.0,116.0,141.0,1.0,0.0,136.0,135.0,137.0,1.0,1.0
122.0,0.0,0.0,3.0,86.0,0.3,6.0,10.6,0.0,0.0,0.0,0.0,68.0,62.0,130.0,1.0,0.0,122.0,122.0,123.0,1.0,1.0
135.0,11.0,2.0,2.0,59.0,1.0,0.0,0.5,0.0,0.0,0.0,0.0,39.0,124.0,163.0,1.0,0.0,148.0,143.0,146.0,6.0,0.0
141.0,0.0,0.0,0.0,61.0,0.4,29.0,5.3,0.0,0.0,0.0,0.0,13.0,135.0,148.0,1.0,0.0,144.0,143.0,145.0,0.0,1.0
128.0,0.0,7.0,4.0,17.0,2.7,0.0,8.7,3.0,0.0,1.0,0.0,125.0,53.0,178.0,9.0,0.0,133.0,114.0,122.0,73.0,0.0
130.0,10.0,1.0,4.0,52.0,1.3,0.0,2.4,1.0,0.0,0.0,0.0,99.0,73.0,172.0,6.0,0.0,144.0,141.0,144.0,16.0,1.0
147.0,7.0,0.0,5.0,44.0,0.7,36.0,3.6,0.0,0.0,0.0,0.0,35.0,143.0,178.0,0.0,0.0,157.0,158.0,159.0,1.0,0.0
134.0,4.0,32.0,4.0,65.0,2.3,0.0,1.3,1.0,0.0,0.0,0.0,34.0,127.0,161.0,1.0,0.0,138.0,129.0,140.0,3.0,-1.0
124.0,3.0,10.0,1.0,46.0,0.8,0.0,7.5,0.0,0.0,0.0,0.0,52.0,90.0,142.0,4.0,0.0,129.0,130.0,131.0,2.0,1.0
106.0,0.0,0.0,9.0,63.0,0.6,0.0,12.4,0.0,0.0,0.0,0.0,27.0,95.0,122.0,1.0,0.0,112.0,110.0,112.0,1.0,0.0
136.0,1.0,0.0,3.0,37.0,0.9,0.0,11.7,0.0,0.0,0.0,0.0,47.0,107.0,154.0,2.0,0.0,138.0,139.0,140.0,2.0,1.0
145.0,0.0,0.0,3.0,51.0,0.6,13.0,8.3,0.0,0.0,0.0,0.0,24.0,141.0,165.0,1.0,0.0,153.0,152.0,153.0,1.0,0.0
130.0,8.0,1.0,2.0,66.0,1.2,0.0,1.0,0.0,0.0,0.0,0.0,45.0,112.0,157.0,6.0,0.0,137.0,136.0,138.0,2.0,0.0
133.0,0.0,0.0,4.0,75.0,0.6,20.0,4.7,0.0,0.0,0.0,0.0,26.0,129.0,155.0,2.0,0.0,136.0,136.0,138.0,0.0,-1.0
114.0,10.0,69.0,8.0,28.0,2.2,0.0,12.2,1.0,0.0,0.0,0.0,98.0,55.0,153.0,7.0,1.0,119.0,119.0,120.0,13.0,0.0
135.0,0.0,9.0,1.0,70.0,0.3,84.0,3.5,0.0,0.0,0.0,0.0,9.0,132.0,141.0,1.0,0.0,136.0,136.0,137.0,0.0,0.0
148.0,7.0,4.0,3.0,73.0,0.7,0.0,9.9,0.0,0.0,0.0,0.0,82.0,116.0,198.0,2.0,0.0,158.0,159.0,159.0,11.0,0.0
127.0,2.0,2.0,5.0,65.0,1.2,44.0,3.0,0.0,0.0,0.0,0.0,26.0,120.0,146.0,2.0,0.0,126.0,126.0,128.0,1.0,-1.0
135.0,9.0,0.0,6.0,58.0,1.0,0.0,4.7,0.0,0.0,0.0,0.0,58.0,113.0,171.0,3.0,0.0,141.0,144.0,146.0,10.0,0.0
130.0,0.0,110.0,0.0,80.0,0.3,0.0,7.4,0.0,0.0,1.0,0.0,49.0,96.0,145.0,3.0,0.0,108.0,123.0,122.0,39.0,1.0
139.0,7.0,1.0,7.0,53.0,1.6,6.0,7.0,5.0,0.0,0.0,0.0,96.0,76.0,172.0,4.0,0.0,158.0,140.0,146.0,61.0,1.0
121.0,2.0,0.0,4.0,24.0,1.5,0.0,4.9,1.0,0.0,0.0,0.0,67.0,90.0,157.0,2.0,0.0,120.0,125.0,123.0,16.0,0.0
138.0,6.0,0.0,5.0,59.0,0.8,0.0,7.7,0.0,0.0,0.0,0.0,43.0,125.0,168.0,3.0,0.0,148.0,144.0,146.0,6.0,0.0
133.0,0.0,1.0,5.0,79.0,0.5,70.0,3.1,0.0,0.0,0.0,0.0,10.0,131.0,141.0,1.0,0.0,136.0,135.0,137.0,0.0,0.0
128.0,0.0,2.0,7.0,65.0,2.6,0.0,0.0,5.0,0.0,2.0,0.0,129.0,63.0,192.0,6.0,0.0,103.0,92.0,114.0,28.0,0.0
135.0,0.0,8.0,1.0,63.0,0.4,60.0,4.0,0.0,0.0,0.0,0.0,8.0,133.0,141.0,1.0,0.0,136.0,136.0,137.0,0.0,0.0
127.0,0.0,0.0,3.0,22.0,1.5,0.0,12.3,0.0,0.0,0.0,0.0,91.0,107.0,198.0,5.0,1.0,135.0,132.0,134.0,3.0,-1.0
133.0,0.0,1.0,8.0,58.0,2.6,0.0,1.2,5.0,0.0,0.0,0.0,66.0,83.0,149.0,4.0,0.0,135.0,123.0,132.0,21.0,1.0
134.0,0.0,0.0,2.0,27.0,2.8,8.0,26.1,0.0,0.0,0.0,0.0,74.0,89.0,163.0,7.0,1.0,138.0,134.0,138.0,13.0,0.0
121.0,0.0,0.0,2.0,24.0,1.5,0.0,0.0,3.0,0.0,1.0,0.0,68.0,71.0,139.0,2.0,0.0,123.0,106.0,108.0,53.0,0.0
138.0,1.0,0.0,3.0,39.0,0.8,12.0,10.5,0.0,0.0,0.0,0.0,49.0,105.0,154.0,5.0,0.0,141.0,141.0,142.0,1.0,1.0
151.0,1.0,2.0,0.0,64.0,0.4,40.0,4.6,0.0,0.0,0.0,0.0,27.0,141.0,168.0,2.0,0.0,157.0,156.0,158.0,1.0,0.0
133.0,0.0,1.0,6.0,60.0,2.8,0.0,7.7,2.0,0.0,2.0,0.0,105.0,60.0,165.0,5.0,0.0,119.0,100.0,111.0,53.0,0.0
128.0,7.0,0.0,3.0,23.0,2.4,0.0,4.6,5.0,0.0,0.0,0.0,101.0,70.0,171.0,7.0,1.0,155.0,140.0,144.0,46.0,1.0
121.0,11.0,5.0,2.0,39.0,1.2,0.0,7.5,0.0,0.0,0.0,0.0,86.0,68.0,154.0,7.0,1.0,133.0,133.0,135.0,8.0,1.0
143.0,0.0,0.0,1.0,46.0,0.9,0.0,11.8,0.0,0.0,0.0,0.0,116.0,68.0,184.0,5.0,1.0,150.0,147.0,149.0,4.0,1.0
148.0,1.0,0.0,5.0,46.0,0.7,54.0,7.1,0.0,0.0,0.0,0.0,45.0,126.0,171.0,3.0,0.0,160.0,158.0,160.0,2.0,1.0
159.0,0.0,0.0,2.0,57.0,0.5,0.0,8.1,0.0,0.0,0.0,0.0,22.0,155.0,177.0,1.0,0.0,170.0,167.0,168.0,2.0,0.0
137.0,1.0,0.0,5.0,63.0,0.4,49.0,4.8,0.0,0.0,0.0,0.0,22.0,133.0,155.0,2.0,0.0,142.0,141.0,142.0,0.0,0.0
120.0,0.0,5.0,0.0,56.0,0.5,12.0,7.6,0.0,0.0,0.0,0.0,18.0,115.0,133.0,0.0,0.0,123.0,122.0,123.0,1.0,0.0
131.0,4.0,0.0,2.0,35.0,1.7,0.0,0.0,3.0,0.0,1.0,0.0,126.0,52.0,178.0,6.0,1.0,143.0,128.0,142.0,92.0,1.0
146.0,0.0,14.0,0.0,68.0,0.3,23.0,7.2,0.0,0.0,0.0,0.0,20.0,136.0,156.0,1.0,0.0,147.0,147.0,148.0,1.0,0.0
138.0,14.0,0.0,8.0,51.0,1.2,0.0,1.7,1.0,0.0,0.0,0.0,98.0,73.0,171.0,7.0,0.0,148.0,147.0,149.0,12.0,1.0
133.0,5.0,0.0,5.0,27.0,1.8,0.0,17.8,4.0,0.0,0.0,0.0,92.0,61.0,153.0,5.0,1.0,142.0,134.0,140.0,29.0,1.0
140.0,2.0,2.0,5.0,63.0,1.3,1.0,9.1,6.0,0.0,0.0,0.0,153.0,75.0,228.0,7.0,0.0,142.0,121.0,143.0,17.0,0.0
120.0,0.0,4.0,0.0,57.0,0.6,0.0,9.5,0.0,0.0,0.0,0.0,21.0,112.0,133.0,0.0,0.0,125.0,123.0,124.0,1.0,0.0
139.0,4.0,1.0,6.0,54.0,1.6,0.0,2.2,4.0,0.0,0.0,0.0,96.0,76.0,172.0,4.0,1.0,161.0,139.0,145.0,78.0,1.0
134.0,0.0,0.0,1.0,30.0,1.6,0.0,4.8,2.0,0.0,0.0,0.0,102.0,67.0,169.0,10.0,2.0,148.0,135.0,142.0,50.0,1.0
138.0,0.0,1.0,0.0,68.0,0.3,21.0,7.2,0.0,0.0,0.0,0.0,22.0,128.0,150.0,1.0,0.0,144.0,142.0,144.0,1.0,1.0
122.0,0.0,0.0,4.0,37.0,0.8,11.0,10.0,0.0,0.0,0.0,0.0,26.0,109.0,135.0,2.0,0.0,123.0,125.0,126.0,2.0,0.0
120.0,2.0,0.0,1.0,53.0,0.8,3.0,10.1,0.0,0.0,0.0,0.0,93.0,71.0,164.0,7.0,0.0,117.0,127.0,128.0,21.0,0.0
133.0,5.0,0.0,7.0,41.0,1.1,9.0,13.0,0.0,0.0,0.0,0.0,82.0,86.0,168.0,4.0,1.0,139.0,143.0,144.0,9.0,1.0
157.0,6.0,4.0,2.0,50.0,0.6,0.0,5.6,0.0,0.0,0.0,0.0,39.0,153.0,192.0,1.0,0.0,165.0,166.0,166.0,4.0,-1.0
115.0,4.0,0.0,13.0,21.0,1.7,0.0,10.7,2.0,0.0,0.0,0.0,83.0,85.0,168.0,2.0,0.0,129.0,122.0,125.0,19.0,0.0
139.0,4.0,0.0,5.0,33.0,1.1,0.0,12.8,0.0,0.0,0.0,0.0,40.0,131.0,171.0,1.0,0.0,144.0,144.0,145.0,3.0,-1.0
135.0,11.0,2.0,4.0,60.0,0.9,0.0,0.5,0.0,0.0,0.0,0.0,44.0,124.0,168.0,3.0,0.0,148.0,144.0,147.0,6.0,0.0
140.0,0.0,1.0,0.0,69.0,0.3,21.0,8.3,0.0,0.0,0.0,0.0,22.0,129.0,151.0,2.0,0.0,141.0,141.0,142.0,1.0,0.0
136.0,7.0,0.0,5.0,39.0,0.8,0.0,4.5,1.0,0.0,0.0,0.0,63.0,115.0,178.0,5.0,0.0,148.0,152.0,152.0,12.0,0.0
126.0,2.0,0.0,4.0,30.0,1.2,0.0,10.8,1.0,0.0,0.0,0.0,52.0,95.0,147.0,3.0,1.0,136.0,131.0,134.0,7.0,1.0
148.0,4.0,0.0,5.0,40.0,0.9,8.0,11.8,0.0,0.0,0.0,0.0,47.0,126.0,173.0,5.0,0.0,157.0,156.0,158.0,3.0,0.0
137.0,13.0,4.0,6.0,57.0,1.2,0.0,5.9,1.0,0.0,0.0,0.0,48.0,122.0,170.0,1.0,0.0,146.0,144.0,145.0,8.0,0.0
131.0,0.0,0.0,0.0,37.0,1.9,0.0,3.2,2.0,0.0,0.0,0.0,90.0,58.0,148.0,4.0,1.0,127.0,121.0,126.0,21.0,1.0
146.0,0.0,3.0,0.0,78.0,0.2,57.0,4.3,0.0,0.0,0.0,0.0,12.0,137.0,149.0,1.0,0.0,144.0,143.0,145.0,0.0,0.0
146.0,0.0,0.0,4.0,39.0,0.8,38.0,5.5,0.0,0.0,0.0,0.0,18.0,148.0,166.0,1.0,0.0,154.0,155.0,156.0,1.0,0.0
146.0,0.0,3.0,0.0,77.0,0.2,42.0,4.6,0.0,0.0,0.0,0.0,12.0,137.0,149.0,1.0,0.0,142.0,142.0,143.0,0.0,0.0
131.0,0.0,1.0,1.0,67.0,1.7,0.0,0.0,3.0,0.0,1.0,0.0,68.0,78.0,146.0,7.0,0.0,121.0,116.0,120.0,15.0,0.0
136.0,0.0,1.0,6.0,67.0,1.9,0.0,5.3,1.0,0.0,0.0,0.0,45.0,100.0,145.0,2.0,0.0,135.0,132.0,136.0,2.0,1.0
133.0,0.0,0.0,13.0,61.0,2.8,0.0,0.0,4.0,0.0,3.0,0.0,98.0,57.0,155.0,4.0,0.0,125.0,95.0,103.0,95.0,0.0
120.0,6.0,0.0,0.0,39.0,1.9,0.0,17.7,0.0,0.0,0.0,0.0,105.0,60.0,165.0,5.0,0.0,129.0,127.0,129.0,12.0,0.0
122.0,2.0,0.0,1.0,17.0,2.1,0.0,15.4,1.0,0.0,0.0,0.0,71.0,95.0,166.0,2.0,0.0,122.0,124.0,123.0,18.0,0.0
119.0,0.0,0.0,1.0,34.0,1.1,0.0,14.0,0.0,0.0,0.0,0.0,92.0,58.0,150.0,4.0,0.0,127.0,125.0,128.0,3.0,1.0
133.0,0.0,3.0,1.0,53.0,0.6,13.0,9.9,0.0,0.0,0.0,0.0,22.0,125.0,147.0,2.0,0.0,137.0,136.0,137.0,1.0,0.0
146.0,11.0,4.0,1.0,41.0,1.9,0.0,27.3,0.0,0.0,0.0,0.0,130.0,50.0,180.0,7.0,0.0,154.0,152.0,155.0,18.0,1.0
144.0,0.0,14.0,0.0,75.0,0.2,52.0,5.6,0.0,0.0,0.0,0.0,16.0,136.0,152.0,1.0,0.0,145.0,144.0,146.0,0.0,0.0
130.0,4.0,2.0,15.0,52.0,2.7,0.0,4.6,2.0,0.0,0.0,0.0,88.0,77.0,165.0,6.0,0.0,139.0,130.0,136.0,15.0,0.0
134.0,0.0,0.0,2.0,28.0,1.9,0.0,5.5,3.0,0.0,0.0,0.0,102.0,67.0,169.0,11.0,2.0,148.0,133.0,140.0,66.0,1.0
128.0,0.0,7.0,3.0,22.0,2.3,0.0,8.4,4.0,0.0,1.0,0.0,125.0,53.0,178.0,9.0,0.0,143.0,121.0,130.0,97.0,0.0
145.0,1.0,1.0,0.0,54.0,0.6,0.0,6.6,0.0,0.0,0.0,0.0,21.0,145.0,166.0,0.0,0.0,157.0,156.0,158.0,1.0,0.0
139.0,4.0,0.0,2.0,34.0,1.0,0.0,8.1,0.0,0.0,0.0,0.0,42.0,131.0,173.0,4.0,0.0,144.0,145.0,146.0,3.0,-1.0
138.0,2.0,0.0,4.0,41.0,0.8,8.0,10.3,0.0,0.0,0.0,0.0,51.0,105.0,156.0,4.0,0.0,142.0,142.0,143.0,2.0,1.0
130.0,0.0,1.0,3.0,66.0,2.4,0.0,0.0,3.0,0.0,1.0,0.0,161.0,50.0,211.0,7.0,0.0,60.0,75.0,108.0,190.0,-1.0
158.0,5.0,11.0,0.0,42.0,0.9,0.0,2.8,0.0,0.0,0.0,0.0,43.0,151.0,194.0,2.0,0.0,180.0,175.0,178.0,10.0,0.0
129.0,1.0,7.0,0.0,53.0,0.6,1.0,5.3,0.0,0.0,0.0,0.0,34.0,122.0,156.0,3.0,0.0,133.0,134.0,135.0,1.0,0.0
152.0,0.0,0.0,4.0,62.0,0.4,59.0,5.6,0.0,0.0,0.0,0.0,25.0,136.0,161.0,0.0,0.0,159.0,156.0,158.0,1.0,1.0
143.0,0.0,0.0,3.0,63.0,0.5,35.0,6.5,0.0,0.0,0.0,0.0,33.0,128.0,161.0,4.0,0.0,147.0,146.0,148.0,0.0,0.0
158.0,4.0,0.0,6.0,29.0,1.3,0.0,12.8,0.0,0.0,0.0,0.0,55.0,142.0,197.0,4.0,0.0,170.0,171.0,172.0,9.0,0.0
133.0,5.0,0.0,3.0,33.0,1.2,0.0,4.4,0.0,0.0,0.0,0.0,82.0,97.0,179.0,7.0,0.0,163.0,156.0,161.0,19.0,1.0
128.0,3.0,20.0,4.0,30.0,2.0,0.0,6.0,4.0,0.0,3.0,0.0,111.0,54.0,165.0,14.0,0.0,129.0,112.0,129.0,103.0,1.0
137.0,3.0,0.0,3.0,36.0,0.9,0.0,5.0,1.0,0.0,0.0,0.0,63.0,115.0,178.0,4.0,0.0,148.0,148.0,149.0,9.0,0.0
140.0,2.0,1.0,7.0,63.0,1.4,0.0,6.6,4.0,0.0,0.0,0.0,70.0,93.0,163.0,7.0,0.0,142.0,134.0,141.0,22.0,1.0
131.0,0.0,107.0,0.0,80.0,0.3,0.0,7.6,0.0,0.0,1.0,0.0,49.0,96.0,145.0,3.0,0.0,108.0,125.0,128.0,45.0,1.0
142.0,0.0,7.0,0.0,61.0,0.7,52.0,12.2,0.0,0.0,0.0,0.0,79.0,71.0,150.0,12.0,0.0,143.0,142.0,144.0,3.0,1.0
128.0,4.0,6.0,3.0,29.0,1.6,0.0,7.1,4.0,0.0,0.0,0.0,90.0,68.0,158.0,6.0,0.0,133.0,131.0,133.0,19.0,1.0
146.0,0.0,17.0,0.0,72.0,0.3,41.0,6.9,0.0,0.0,0.0,0.0,35.0,120.0,155.0,4.0,0.0,147.0,146.0,148.0,0.0,1.0
144.0,0.0,29.0,1.0,65.0,3.3,0.0,2.7,5.0,0.0,0.0,0.0,89.0,74.0,163.0,3.0,0.0,147.0,109.0,149.0,17.0,1.0
110.0,7.0,1.0,14.0,64.0,2.2,0.0,5.3,6.0,0.0,0.0,0.0,176.0,62.0,238.0,7.0,0.0,107.0,103.0,109.0,42.0,-1.0
136.0,3.0,0.0,4.0,45.0,0.8,2.0,6.4,0.0,0.0,0.0,0.0,29.0,129.0,158.0,2.0,0.0,144.0,143.0,145.0,1.0,0.0
142.0,1.0,0.0,6.0,41.0,1.2,22.0,5.3,5.0,0.0,0.0,0.0,115.0,67.0,182.0,1.0,0.0,157.0,140.0,149.0,73.0,1.0
119.0,1.0,0.0,6.0,26.0,1.2,0.0,13.8,0.0,0.0,0.0,0.0,39.0,106.0,145.0,1.0,0.0,120.0,122.0,122.0,3.0,0.0
135.0,2.0,0.0,4.0,42.0,0.8,7.0,8.5,0.0,0.0,0.0,0.0,34.0,119.0,153.0,3.0,0.0,142.0,140.0,142.0,1.0,0.0
154.0,1.0,1.0,1.0,56.0,0.6,1.0,9.2,0.0,0.0,0.0,0.0,31.0,140.0,171.0,1.0,0.0,161.0,160.0,162.0,2.0,1.0
136.0,0.0,0.0,7.0,32.0,1.3,0.0,17.5,4.0,0.0,0.0,0.0,102.0,61.0,163.0,7.0,0.0,136.0,133.0,137.0,17.0,1.0
106.0,0.0,0.0,10.0,63.0,0.6,0.0,13.5,0.0,0.0,0.0,0.0,28.0,95.0,123.0,1.0,0.0,112.0,109.0,111.0,2.0,0.0
128.0,5.0,6.0,4.0,19.0,2.4,0.0,1.9,4.0,0.0,1.0,0.0,107.0,67.0,174.0,7.0,0.0,134.0,123.0,129.0,57.0,0.0
125.0,1.0,0.0,3.0,37.0,0.8,12.0,8.7,0.0,0.0,0.0,0.0,42.0,103.0,145.0,2.0,0.0,131.0,129.0,132.0,1.0,1.0
144.0,0.0,3.0,0.0,77.0,0.2,62.0,3.8,0.0,0.0,0.0,0.0,12.0,138.0,150.0,2.0,0.0,144.0,144.0,146.0,0.0,0.0
128.0,0.0,15.0,2.0,36.0,2.6,0.0,0.0,2.0,0.0,2.0,0.0,120.0,54.0,174.0,8.0,2.0,75.0,91.0,79.0,108.0,-1.0
145.0,7.0,4.0,1.0,43.0,1.5,0.0,0.0,0.0,0.0,0.0,0.0,109.0,63.0,172.0,5.0,0.0,156.0,156.0,158.0,11.0,1.0
134.0,3.0,0.0,12.0,26.0,1.8,10.0,15.1,6.0,0.0,0.0,0.0,82.0,82.0,164.0,5.0,0.0,147.0,133.0,137.0,40.0,1.0
142.0,18.0,75.0,2.0,36.0,1.9,0.0,2.5,1.0,0.0,0.0,0.0,148.0,51.0,199.0,12.0,0.0,180.0,164.0,171.0,53.0,1.0
127.0,4.0,0.0,4.0,34.0,1.0,0.0,6.1,0.0,0.0,0.0,0.0,54.0,114.0,168.0,1.0,0.0,131.0,136.0,134.0,15.0,-1.0
125.0,3.0,0.0,5.0,36.0,0.9,4.0,6.5,0.0,0.0,0.0,0.0,45.0,115.0,160.0,2.0,0.0,131.0,131.0,131.0,3.0,0.0
128.0,1.0,0.0,5.0,39.0,2.7,0.0,18.9,4.0,0.0,0.0,0.0,128.0,51.0,179.0,6.0,0.0,133.0,125.0,130.0,24.0,0.0
148.0,0.0,0.0,6.0,51.0,0.5,59.0,4.8,0.0,0.0,0.0,0.0,11.0,152.0,163.0,1.0,0.0,160.0,159.0,161.0,0.0,1.0
133.0,4.0,167.0,8.0,27.0,1.5,0.0,14.8,2.0,0.0,0.0,0.0,70.0,88.0,158.0,1.0,0.0,140.0,135.0,138.0,10.0,1.0
145.0,0.0,22.0,0.0,75.0,0.3,39.0,7.8,0.0,0.0,0.0,0.0,54.0,131.0,185.0,3.0,0.0,145.0,144.0,146.0,0.0,-1.0
149.0,6.0,0.0,9.0,34.0,1.3,1.0,5.3,1.0,0.0,0.0,0.0,75.0,104.0,179.0,8.0,0.0,163.0,161.0,164.0,10.0,1.0
122.0,2.0,0.0,5.0,26.0,1.5,0.0,7.7,3.0,0.0,0.0,0.0,68.0,89.0,157.0,2.0,0.0,125.0,122.0,124.0,11.0,0.0
135.0,1.0,0.0,0.0,63.0,0.5,8.0,5.4,0.0,0.0,0.0,0.0,33.0,133.0,166.0,1.0,0.0,141.0,142.0,143.0,1.0,-1.0
122.0,0.0,0.0,2.0,13.0,3.0,0.0,0.4,9.0,0.0,0.0,0.0,96.0,56.0,152.0,3.0,2.0,109.0,110.0,112.0,20.0,0.0
120.0,0.0,0.0,7.0,62.0,1.9,0.0,3.9,16.0,0.0,2.0,0.0,128.0,63.0,191.0,10.0,1.0,107.0,95.0,105.0,37.0,-1.0
120.0,0.0,0.0,6.0,49.0,0.8,2.0,10.5,0.0,0.0,0.0,0.0,32.0,104.0,136.0,4.0,0.0,116.0,120.0,121.0,4.0,0.0
127.0,0.0,1.0,6.0,62.0,0.7,58.0,4.1,0.0,0.0,0.0,0.0,20.0,120.0,140.0,1.0,0.0,126.0,125.0,126.0,0.0,-1.0
125.0,0.0,0.0,7.0,64.0,1.4,0.0,2.7,6.0,0.0,1.0,0.0,77.0,78.0,155.0,4.0,0.0,107.0,111.0,113.0,11.0,0.0
123.0,0.0,0.0,3.0,50.0,0.8,32.0,3.1,3.0,0.0,0.0,0.0,94.0,75.0,169.0,7.0,0.0,125.0,122.0,126.0,8.0,0.0
145.0,0.0,0.0,1.0,50.0,0.7,17.0,7.3,0.0,0.0,0.0,0.0,42.0,125.0,167.0,8.0,0.0,153.0,154.0,155.0,2.0,1.0
137.0,0.0,3.0,1.0,77.0,0.2,40.0,6.6,0.0,0.0,0.0,0.0,29.0,127.0,156.0,2.0,0.0,138.0,141.0,141.0,3.0,0.0
122.0,2.0,4.0,4.0,22.0,7.0,0.0,16.6,4.0,0.0,0.0,0.0,149.0,50.0,199.0,7.0,0.0,129.0,118.0,124.0,75.0,0.0
133.0,7.0,42.0,4.0,65.0,2.7,0.0,1.1,1.0,0.0,0.0,0.0,35.0,126.0,161.0,2.0,0.0,138.0,126.0,140.0,3.0,0.0
148.0,0.0,0.0,3.0,51.0,0.6,49.0,4.3,0.0,0.0,0.0,0.0,13.0,152.0,165.0,1.0,0.0,160.0,159.0,160.0,0.0,0.0
148.0,0.0,0.0,2.0,37.0,1.1,3.0,13.0,0.0,0.0,0.0,0.0,42.0,126.0,168.0,2.0,0.0,157.0,153.0,156.0,5.0,1.0
120.0,1.0,9.0,3.0,42.0,1.1,0.0,12.9,1.0,0.0,0.0,0.0,116.0,54.0,170.0,10.0,0.0,115.0,118.0,117.0,14.0,0.0
120.0,0.0,0.0,9.0,51.0,0.7,4.0,11.4,0.0,0.0,0.0,0.0,26.0,103.0,129.0,1.0,0.0,122.0,119.0,121.0,2.0,1.0
133.0,1.0,0.0,6.0,63.0,2.1,0.0,0.0,3.0,0.0,3.0,0.0,133.0,52.0,185.0,4.0,0.0,125.0,94.0,97.0,147.0,-1.0
140.0,3.0,1.0,6.0,64.0,1.1,0.0,3.8,4.0,0.0,0.0,0.0,73.0,96.0,169.0,5.0,0.0,146.0,140.0,144.0,16.0,0.0
115.0,1.0,0.0,3.0,19.0,1.7,0.0,14.2,1.0,0.0,0.0,0.0,59.0,89.0,148.0,1.0,1.0,120.0,118.0,121.0,5.0,0.0
159.0,1.0,0.0,6.0,58.0,0.5,13.0,8.0,0.0,0.0,0.0,0.0,42.0,146.0,188.0,2.0,0.0,167.0,172.0,174.0,8.0,0.0
143.0,0.0,0.0,0.0,70.0,0.3,49.0,5.3,0.0,0.0,0.0,0.0,13.0,137.0,150.0,1.0,0.0,146.0,144.0,146.0,0.0,0.0
129.0,3.0,3.0,0.0,61.0,0.6,2.0,10.8,0.0,0.0,0.0,0.0,122.0,65.0,187.0,7.0,1.0,129.0,132.0,133.0,5.0,0.0
134.0,9.0,0.0,10.0,57.0,1.2,0.0,0.0,5.0,0.0,0.0,0.0,101.0,86.0,187.0,3.0,0.0,151.0,148.0,155.0,47.0,1.0
139.0,1.0,0.0,2.0,35.0,1.0,0.0,11.6,0.0,0.0,0.0,0.0,28.0,131.0,159.0,0.0,0.0,144.0,143.0,145.0,1.0,0.0
154.0,7.0,2.0,3.0,48.0,0.7,0.0,7.4,0.0,0.0,0.0,0.0,66.0,123.0,189.0,3.0,2.0,161.0,164.0,164.0,8.0,0.0
122.0,4.0,0.0,0.0,18.0,2.4,0.0,4.9,11.0,0.0,0.0,0.0,74.0,69.0,143.0,1.0,1.0,131.0,117.0,120.0,40.0,1.0
130.0,1.0,1.0,9.0,62.0,2.2,0.0,0.0,8.0,0.0,1.0,0.0,161.0,50.0,211.0,9.0,0.0,60.0,89.0,113.0,250.0,0.0
128.0,0.0,3.0,7.0,64.0,2.0,0.0,0.0,7.0,0.0,0.0,0.0,100.0,71.0,171.0,4.0,2.0,122.0,112.0,123.0,20.0,0.0
130.0,9.0,1.0,6.0,70.0,0.7,6.0,4.3,0.0,0.0,0.0,0.0,31.0,127.0,158.0,1.0,0.0,139.0,140.0,141.0,3.0,0.0
125.0,3.0,12.0,0.0,47.0,0.8,0.0,6.1,0.0,0.0,0.0,0.0,75.0,68.0,143.0,3.0,0.0,133.0,132.0,133.0,2.0,1.0
142.0,0.0,0.0,2.0,31.0,1.2,0.0,24.1,0.0,0.0,0.0,0.0,67.0,94.0,161.0,2.0,0.0,151.0,145.0,148.0,10.0,1.0
139.0,1.0,1.0,2.0,61.0,0.4,8.0,6.4,0.0,0.0,0.0,0.0,17.0,138.0,155.0,1.0,0.0,147.0,146.0,148.0,0.0,0.0
122.0,10.0,0.0,1.0,22.0,2.5,0.0,2.2,0.0,0.0,0.0,0.0,52.0,100.0,152.0,1.0,0.0,136.0,132.0,134.0,6.0,0.0
132.0,1.0,0.0,5.0,30.0,1.8,5.0,19.9,5.0,0.0,0.0,0.0,99.0,52.0,151.0,7.0,0.0,139.0,130.0,137.0,31.0,1.0
136.0,0.0,0.0,2.0,66.0,0.4,61.0,5.6,0.0,0.0,0.0,0.0,24.0,127.0,151.0,1.0,0.0,142.0,140.0,142.0,0.0,0.0
125.0,1.0,5.0,0.0,22.0,1.9,0.0,15.8,0.0,0.0,0.0,0.0,82.0,68.0,150.0,5.0,1.0,132.0,130.0,133.0,6.0,1.0
128.0,4.0,10.0,3.0,39.0,1.2,0.0,12.8,0.0,0.0,0.0,0.0,123.0,59.0,182.0,8.0,0.0,129.0,138.0,135.0,25.0,0.0
134.0,4.0,1.0,7.0,57.0,1.5,0.0,1.8,7.0,0.0,0.0,0.0,78.0,83.0,161.0,5.0,0.0,137.0,132.0,138.0,21.0,1.0
131.0,0.0,0.0,6.0,29.0,2.1,4.0,3.6,9.0,0.0,0.0,0.0,108.0,59.0,167.0,7.0,1.0,135.0,120.0,132.0,72.0,1.0
140.0,0.0,1.0,3.0,61.0,1.3,0.0,4.0,8.0,0.0,0.0,0.0,94.0,65.0,159.0,6.0,1.0,142.0,134.0,143.0,25.0,1.0
116.0,0.0,0.0,3.0,43.0,0.8,25.0,5.6,1.0,0.0,0.0,0.0,72.0,56.0,128.0,6.0,0.0,120.0,118.0,121.0,3.0,1.0
128.0,7.0,11.0,5.0,22.0,2.2,0.0,6.6,5.0,0.0,1.0,0.0,109.0,65.0,174.0,6.0,0.0,143.0,127.0,135.0,71.0,0.0
132.0,4.0,0.0,0.0,26.0,1.4,0.0,4.0,0.0,0.0,0.0,0.0,58.0,110.0,168.0,2.0,1.0,145.0,146.0,147.0,11.0,0.0
130.0,0.0,66.0,0.0,80.0,0.3,0.0,0.0,0.0,0.0,1.0,0.0,29.0,107.0,136.0,1.0,0.0,108.0,120.0,120.0,23.0,-1.0
126.0,2.0,0.0,4.0,25.0,1.8,0.0,14.6,2.0,0.0,0.0,0.0,102.0,52.0,154.0,3.0,0.0,136.0,130.0,134.0,12.0,1.0
122.0,0.0,0.0,1.0,25.0,1.3,4.0,9.5,0.0,0.0,0.0,0.0,30.0,106.0,136.0,1.0,0.0,125.0,122.0,124.0,3.0,0.0
143.0,0.0,0.0,4.0,66.0,0.4,4.0,9.9,0.0,0.0,0.0,0.0,22.0,132.0,154.0,0.0,0.0,144.0,143.0,145.0,1.0,0.0
136.0,3.0,0.0,2.0,54.0,0.5,8.0,9.5,0.0,0.0,0.0,0.0,49.0,118.0,167.0,1.0,0.0,151.0,149.0,151.0,7.0,1.0
143.0,0.0,1.0,0.0,65.0,0.6,28.0,14.9,0.0,0.0,0.0,0.0,93.0,72.0,165.0,4.0,0.0,144.0,144.0,146.0,3.0,1.0
142.0,1.0,0.0,4.0,44.0,0.7,42.0,7.3,0.0,0.0,0.0,0.0,39.0,119.0,158.0,4.0,0.0,147.0,146.0,148.0,1.0,1.0
128.0,0.0,2.0,9.0,66.0,2.7,0.0,0.0,6.0,0.0,3.0,0.0,129.0,63.0,192.0,4.0,0.0,105.0,89.0,112.0,21.0,0.0
132.0,5.0,3.0,4.0,52.0,0.6,0.0,8.2,0.0,0.0,0.0,0.0,42.0,115.0,157.0,2.0,0.0,142.0,141.0,142.0,3.0,0.0
140.0,1.0,0.0,7.0,79.0,0.4,20.0,6.1,0.0,0.0,0.0,0.0,67.0,103.0,170.0,5.0,0.0,153.0,148.0,152.0,4.0,1.0
120.0,4.0,10.0,5.0,41.0,1.1,0.0,9.2,0.0,0.0,0.0,0.0,71.0,105.0,176.0,6.0,0.0,123.0,131.0,127.0,30.0,-1.0
143.0,0.0,0.0,3.0,68.0,0.3,5.0,10.3,0.0,0.0,0.0,0.0,27.0,132.0,159.0,1.0,0.0,146.0,145.0,147.0,1.0,0.0
133.0,0.0,0.0,12.0,60.0,3.0,0.0,0.0,4.0,0.0,2.0,0.0,104.0,58.0,162.0,5.0,0.0,125.0,95.0,103.0,90.0,0.0
140.0,0.0,0.0,4.0,77.0,0.7,17.0,6.0,1.0,0.0,0.0,0.0,31.0,124.0,155.0,2.0,0.0,145.0,143.0,145.0,2.0,0.0
115.0,0.0,0.0,2.0,21.0,1.6,0.0,13.1,0.0,0.0,0.0,0.0,41.0,100.0,141.0,1.0,0.0,114.0,113.0,114.0,2.0,-1.0
120.0,0.0,7.0,0.0,51.0,0.8,0.0,14.8,0.0,0.0,0.0,0.0,77.0,56.0,133.0,5.0,0.0,123.0,122.0,124.0,2.0,1.0
138.0,0.0,0.0,3.0,45.0,1.0,20.0,12.3,0.0,0.0,0.0,0.0,99.0,81.0,180.0,8.0,2.0,162.0,156.0,159.0,8.0,1.0
140.0,0.0,1.0,2.0,62.0,1.2,0.0,3.9,5.0,0.0,0.0,0.0,93.0,66.0,159.0,5.0,2.0,142.0,136.0,144.0,26.0,1.0
146.0,0.0,9.0,0.0,74.0,0.5,59.0,13.4,0.0,0.0,0.0,0.0,111.0,74.0,185.0,4.0,0.0,147.0,147.0,148.0,2.0,0.0
143.0,2.0,5.0,1.0,39.0,1.6,0.0,10.0,0.0,0.0,0.0,0.0,136.0,60.0,196.0,9.0,1.0,148.0,149.0,150.0,8.0,0.0
144.0,0.0,10.0,0.0,75.0,0.3,67.0,4.2,0.0,0.0,0.0,0.0,16.0,136.0,152.0,2.0,0.0,145.0,146.0,147.0,0.0,0.0
159.0,1.0,0.0,10.0,61.0,0.4,8.0,8.6,0.0,0.0,0.0,0.0,44.0,133.0,177.0,4.0,0.0,165.0,164.0,166.0,1.0,1.0
136.0,0.0,0.0,7.0,35.0,1.1,0.0,11.5,4.0,0.0,0.0,0.0,86.0,69.0,155.0,3.0,0.0,136.0,133.0,137.0,14.0,1.0
141.0,0.0,2.0,4.0,58.0,0.5,15.0,8.1,0.0,0.0,0.0,0.0,23.0,130.0,153.0,1.0,0.0,144.0,143.0,145.0,1.0,0.0
152.0,0.0,0.0,1.0,60.0,0.4,59.0,7.1,0.0,0.0,0.0,0.0,34.0,129.0,163.0,3.0,1.0,160.0,157.0,160.0,1.0,1.0
148.0,0.0,0.0,1.0,38.0,0.9,17.0,12.2,0.0,0.0,0.0,0.0,34.0,135.0,169.0,3.0,0.0,157.0,155.0,158.0,3.0,0.0
131.0,17.0,18.0,1.0,29.0,3.7,0.0,4.8,0.0,0.0,0.0,0.0,120.0,51.0,171.0,11.0,1.0,150.0,144.0,151.0,33.0,1.0
130.0,8.0,0.0,10.0,24.0,1.6,0.0,0.0,4.0,0.0,0.0,0.0,106.0,76.0,182.0,3.0,1.0,155.0,140.0,148.0,84.0,1.0
127.0,0.0,1.0,6.0,71.0,0.9,52.0,3.8,0.0,0.0,0.0,0.0,18.0,119.0,137.0,2.0,0.0,129.0,125.0,128.0,1.0,0.0
144.0,1.0,0.0,4.0,44.0,0.8,2.0,11.9,0.0,0.0,0.0,0.0,33.0,135.0,168.0,4.0,0.0,162.0,157.0,160.0,5.0,1.0
120.0,0.0,2.0,1.0,38.0,1.3,0.0,16.0,0.0,0.0,0.0,0.0,59.0,103.0,162.0,4.0,0.0,119.0,120.0,121.0,4.0,-1.0
137.0,1.0,0.0,1.0,68.0,0.4,47.0,5.8,0.0,0.0,0.0,0.0,65.0,135.0,200.0,3.0,0.0,143.0,143.0,144.0,1.0,-1.0
129.0,9.0,0.0,6.0,22.0,1.6,0.0,0.0,0.0,0.0,0.0,0.0,58.0,108.0,166.0,4.0,0.0,141.0,142.0,144.0,11.0,0.0
138.0,2.0,0.0,5.0,43.0,1.0,19.0,11.6,0.0,0.0,0.0,0.0,44.0,129.0,173.0,8.0,2.0,162.0,155.0,159.0,9.0,0.0
127.0,0.0,4.0,0.0,63.0,0.5,4.0,11.3,0.0,0.0,0.0,0.0,89.0,62.0,151.0,4.0,0.0,129.0,128.0,130.0,1.0,1.0
123.0,1.0,0.0,4.0,38.0,0.9,13.0,8.0,0.0,0.0,0.0,0.0,24.0,117.0,141.0,1.0,0.0,126.0,127.0,128.0,1.0,0.0
122.0,0.0,0.0,0.0,19.0,1.9,0.0,15.1,0.0,0.0,0.0,0.0,39.0,103.0,142.0,1.0,0.0,120.0,120.0,122.0,3.0,0.0
136.0,0.0,3.0,6.0,64.0,2.2,0.0,3.0,5.0,0.0,1.0,0.0,85.0,67.0,152.0,5.0,0.0,134.0,119.0,131.0,45.0,1.0
133.0,0.0,0.0,5.0,60.0,3.2,0.0,0.0,1.0,0.0,2.0,0.0,105.0,60.0,165.0,6.0,0.0,93.0,94.0,102.0,42.0,0.0
123.0,0.0,0.0,0.0,50.0,0.8,7.0,13.8,0.0,0.0,0.0,0.0,74.0,63.0,137.0,2.0,0.0,129.0,127.0,129.0,2.0,1.0
144.0,0.0,2.0,0.0,61.0,0.4,8.0,6.7,0.0,0.0,0.0,0.0,16.0,140.0,156.0,0.0,0.0,148.0,147.0,149.0,0.0,0.0
123.0,3.0,0.0,5.0,30.0,1.1,1.0,5.8,5.0,0.0,0.0,0.0,53.0,95.0,148.0,3.0,0.0,125.0,124.0,126.0,6.0,0.0
131.0,1.0,0.0,2.0,29.0,1.0,0.0,12.4,0.0,0.0,0.0,0.0,27.0,122.0,149.0,0.0,0.0,136.0,136.0,138.0,2.0,0.0
130.0,0.0,7.0,6.0,73.0,2.1,12.0,1.4,0.0,0.0,0.0,0.0,27.0,124.0,151.0,2.0,0.0,128.0,127.0,130.0,1.0,-1.0
115.0,1.0,0.0,5.0,15.0,2.3,0.0,5.6,2.0,0.0,1.0,0.0,92.0,77.0,169.0,4.0,1.0,114.0,109.0,110.0,33.0,-1.0
144.0,2.0,0.0,6.0,51.0,0.6,16.0,6.0,1.0,0.0,0.0,0.0,44.0,125.0,169.0,3.0,0.0,157.0,156.0,158.0,3.0,1.0
126.0,2.0,0.0,3.0,25.0,1.3,0.0,11.9,0.0,0.0,0.0,0.0,56.0,101.0,157.0,2.0,0.0,126.0,131.0,130.0,9.0,0.0
122.0,0.0,0.0,1.0,21.0,2.2,0.0,17.4,0.0,0.0,0.0,0.0,39.0,104.0,143.0,4.0,2.0,129.0,126.0,128.0,4.0,0.0
132.0,0.0,170.0,2.0,35.0,2.7,0.0,0.0,2.0,0.0,2.0,0.0,145.0,54.0,199.0,9.0,2.0,75.0,90.0,78.0,104.0,-1.0
134.0,0.0,0.0,7.0,20.0,2.2,3.0,15.1,7.0,0.0,0.0,0.0,113.0,50.0,163.0,7.0,1.0,126.0,120.0,127.0,51.0,1.0
115.0,0.0,0.0,3.0,15.0,2.2,0.0,6.8,2.0,0.0,0.0,0.0,55.0,84.0,139.0,4.0,0.0,119.0,111.0,115.0,19.0,0.0
127.0,0.0,0.0,5.0,23.0,1.5,0.0,13.2,0.0,0.0,0.0,0.0,91.0,107.0,198.0,6.0,0.0,135.0,134.0,135.0,4.0,-1.0
129.0,0.0,0.0,0.0,66.0,0.4,2.0,9.1,0.0,0.0,0.0,0.0,20.0,122.0,142.0,0.0,0.0,132.0,132.0,133.0,1.0,0.0
138.0,3.0,0.0,2.0,32.0,1.3,0.0,9.0,0.0,0.0,0.0,0.0,60.0,119.0,179.0,2.0,0.0,158.0,152.0,155.0,8.0,0.0
148.0,0.0,0.0,6.0,50.0,0.5,60.0,4.9,0.0,0.0,0.0,0.0,12.0,151.0,163.0,1.0,0.0,160.0,159.0,160.0,0.0,1.0
120.0,0.0,0.0,3.0,64.0,1.3,0.0,8.4,5.0,0.0,1.0,0.0,85.0,69.0,154.0,3.0,1.0,86.0,97.0,93.0,48.0,-1.0
132.0,6.0,0.0,8.0,56.0,2.8,0.0,0.0,9.0,0.0,0.0,0.0,116.0,70.0,186.0,5.0,0.0,106.0,115.0,133.0,113.0,-1.0
144.0,0.0,0.0,4.0,38.0,0.8,6.0,8.7,0.0,0.0,0.0,0.0,27.0,134.0,161.0,1.0,0.0,148.0,147.0,149.0,1.0,0.0
145.0,1.0,0.0,1.0,50.0,0.7,12.0,6.5,0.0,0.0,0.0,0.0,65.0,103.0,168.0,8.0,0.0,153.0,155.0,156.0,3.0,1.0
110.0,3.0,0.0,9.0,63.0,0.8,0.0,10.9,1.0,0.0,0.0,0.0,64.0,92.0,156.0,3.0,0.0,112.0,113.0,113.0,14.0,-1.0
130.0,11.0,67.0,1.0,34.0,2.1,0.0,5.6,0.0,0.0,0.0,0.0,132.0,50.0,182.0,10.0,0.0,159.0,150.0,155.0,26.0,1.0
128.0,5.0,6.0,2.0,30.0,1.9,0.0,3.8,3.0,0.0,0.0,0.0,141.0,57.0,198.0,12.0,0.0,137.0,127.0,136.0,49.0,0.0
143.0,0.0,0.0,3.0,67.0,0.4,6.0,9.6,0.0,0.0,0.0,0.0,26.0,133.0,159.0,1.0,0.0,144.0,144.0,145.0,1.0,0.0
133.0,5.0,489.0,5.0,21.0,2.3,0.0,15.7,4.0,0.0,1.0,0.0,107.0,67.0,174.0,7.0,0.0,143.0,125.0,135.0,76.0,0.0
143.0,2.0,0.0,2.0,43.0,0.9,12.0,5.9,0.0,0.0,0.0,0.0,34.0,132.0,166.0,2.0,0.0,147.0,148.0,149.0,2.0,0.0
143.0,0.0,0.0,0.0,66.0,0.5,28.0,13.5,0.0,0.0,0.0,0.0,93.0,72.0,165.0,4.0,0.0,144.0,144.0,146.0,2.0,1.0
126.0,0.0,0.0,2.0,56.0,0.5,40.0,6.7,0.0,0.0,0.0,0.0,27.0,116.0,143.0,2.0,0.0,129.0,127.0,129.0,1.0,0.0
136.0,0.0,1.0,4.0,67.0,1.5,11.0,4.7,0.0,0.0,0.0,0.0,38.0,115.0,153.0,4.0,0.0,140.0,133.0,138.0,4.0,0.0
148.0,0.0,2.0,3.0,77.0,0.5,4.0,10.2,0.0,0.0,0.0,0.0,32.0,140.0,172.0,1.0,0.0,150.0,150.0,151.0,1.0,-1.0
133.0,2.0,2.0,0.0,48.0,0.7,0.0,6.3,0.0,0.0,0.0,0.0,28.0,125.0,153.0,1.0,0.0,135.0,137.0,137.0,2.0,0.0
121.0,3.0,0.0,5.0,37.0,0.9,0.0,7.5,1.0,0.0,0.0,0.0,71.0,82.0,153.0,5.0,0.0,150.0,128.0,130.0,68.0,1.0
159.0,1.0,0.0,6.0,58.0,0.5,0.0,7.9,0.0,0.0,0.0,0.0,44.0,133.0,177.0,4.0,0.0,163.0,164.0,166.0,2.0,1.0
128.0,8.0,10.0,4.0,32.0,1.6,0.0,3.5,6.0,0.0,0.0,0.0,109.0,68.0,177.0,11.0,0.0,137.0,129.0,135.0,35.0,0.0
138.0,3.0,0.0,3.0,28.0,1.4,16.0,1.6,3.0,0.0,0.0,0.0,90.0,85.0,175.0,8.0,0.0,143.0,136.0,141.0,32.0,0.0
124.0,8.0,0.0,4.0,34.0,1.0,0.0,0.9,0.0,0.0,0.0,0.0,39.0,110.0,149.0,3.0,0.0,129.0,130.0,131.0,5.0,0.0
150.0,0.0,4.0,0.0,80.0,0.4,24.0,8.5,0.0,0.0,0.0,0.0,52.0,124.0,176.0,1.0,0.0,150.0,152.0,153.0,2.0,0.0
140.0,0.0,3.0,5.0,63.0,1.7,5.0,4.0,3.0,0.0,1.0,0.0,83.0,65.0,148.0,4.0,1.0,140.0,127.0,133.0,32.0,1.0
125.0,0.0,0.0,6.0,62.0,1.7,0.0,1.2,7.0,0.0,0.0,0.0,73.0,68.0,141.0,9.0,0.0,128.0,117.0,126.0,29.0,1.0
136.0,1.0,0.0,5.0,47.0,0.6,38.0,5.3,0.0,0.0,0.0,0.0,18.0,136.0,154.0,1.0,0.0,141.0,141.0,142.0,0.0,-1.0
110.0,3.0,0.0,11.0,62.0,0.9,0.0,11.8,1.0,0.0,0.0,0.0,64.0,92.0,156.0,5.0,0.0,112.0,113.0,113.0,12.0,-1.0
145.0,2.0,0.0,1.0,49.0,0.6,0.0,7.0,0.0,0.0,0.0,0.0,26.0,145.0,171.0,1.0,0.0,154.0,157.0,158.0,4.0,0.0
130.0,0.0,0.0,3.0,53.0,0.5,45.0,5.9,0.0,0.0,0.0,0.0,20.0,123.0,143.0,2.0,0.0,137.0,136.0,138.0,0.0,1.0
137.0,9.0,1.0,5.0,58.0,1.6,0.0,5.6,3.0,0.0,0.0,0.0,109.0,69.0,178.0,5.0,0.0,148.0,143.0,151.0,55.0,1.0
129.0,0.0,1.0,0.0,69.0,0.3,14.0,7.6,0.0,0.0,0.0,0.0,25.0,127.0,152.0,0.0,0.0,139.0,135.0,136.0,4.0,-1.0
137.0,1.0,0.0,6.0,62.0,0.4,42.0,5.4,0.0,0.0,0.0,0.0,22.0,133.0,155.0,2.0,0.0,142.0,140.0,142.0,0.0,0.0
122.0,3.0,0.0,1.0,13.0,3.0,0.0,21.1,4.0,0.0,0.0,0.0,129.0,51.0,180.0,6.0,1.0,122.0,122.0,123.0,54.0,0.0
128.0,0.0,16.0,3.0,30.0,2.1,0.0,8.6,2.0,0.0,3.0,0.0,128.0,54.0,182.0,12.0,0.0,129.0,104.0,120.0,134.0,0.0
127.0,8.0,0.0,8.0,14.0,3.3,0.0,6.3,6.0,0.0,0.0,0.0,124.0,67.0,191.0,8.0,0.0,129.0,125.0,130.0,45.0,0.0
110.0,4.0,2.0,8.0,68.0,3.1,0.0,0.0,9.0,0.0,2.0,0.0,133.0,60.0,193.0,8.0,0.0,91.0,83.0,95.0,42.0,-1.0
129.0,0.0,1.0,2.0,38.0,1.2,0.0,12.5,0.0,0.0,0.0,0.0,54.0,111.0,165.0,4.0,1.0,133.0,132.0,134.0,2.0,0.0
138.0,0.0,0.0,2.0,39.0,0.8,10.0,9.1,0.0,0.0,0.0,0.0,23.0,131.0,154.0,2.0,0.0,142.0,141.0,143.0,1.0,0.0
152.0,0.0,0.0,3.0,55.0,0.6,45.0,6.7,1.0,0.0,0.0,0.0,64.0,99.0,163.0,4.0,3.0,159.0,154.0,158.0,5.0,1.0
144.0,0.0,4.0,0.0,58.0,0.6,1.0,8.8,0.0,0.0,0.0,0.0,39.0,125.0,164.0,3.0,0.0,143.0,142.0,144.0,1.0,0.0
121.0,4.0,3.0,6.0,58.0,1.8,0.0,2.4,9.0,0.0,0.0,0.0,107.0,62.0,169.0,8.0,0.0,114.0,113.0,120.0,55.0,0.0
134.0,0.0,4.0,0.0,79.0,0.2,42.0,5.5,0.0,0.0,0.0,0.0,17.0,128.0,145.0,2.0,0.0,135.0,135.0,136.0,1.0,0.0
135.0,2.0,0.0,1.0,59.0,0.6,4.0,9.3,0.0,0.0,0.0,0.0,118.0,70.0,188.0,3.0,0.0,140.0,140.0,141.0,3.0,0.0
141.0,1.0,15.0,1.0,59.0,0.5,38.0,6.1,1.0,0.0,0.0,0.0,38.0,121.0,159.0,3.0,0.0,154.0,149.0,154.0,8.0,1.0
127.0,0.0,0.0,6.0,70.0,0.4,63.0,4.1,0.0,0.0,0.0,0.0,18.0,119.0,137.0,2.0,0.0,123.0,125.0,126.0,1.0,0.0
146.0,4.0,0.0,4.0,31.0,1.5,22.0,6.5,4.0,0.0,0.0,0.0,88.0,84.0,172.0,1.0,1.0,162.0,150.0,156.0,36.0,1.0
127.0,0.0,0.0,5.0,20.0,2.2,0.0,19.3,4.0,0.0,0.0,0.0,78.0,81.0,159.0,4.0,0.0,131.0,122.0,124.0,23.0,0.0
127.0,4.0,0.0,5.0,12.0,3.4,0.0,5.7,3.0,0.0,0.0,0.0,130.0,58.0,188.0,8.0,0.0,129.0,122.0,129.0,41.0,0.0
141.0,0.0,4.0,0.0,75.0,0.3,49.0,4.6,0.0,0.0,0.0,0.0,9.0,136.0,145.0,1.0,0.0,143.0,141.0,143.0,0.0,1.0
125.0,6.0,4.0,1.0,19.0,1.9,0.0,6.8,0.0,0.0,0.0,0.0,96.0,101.0,197.0,8.0,1.0,133.0,131.0,133.0,5.0,-1.0
122.0,1.0,0.0,8.0,21.0,1.7,0.0,14.3,1.0,0.0,0.0,0.0,37.0,105.0,142.0,1.0,0.0,125.0,123.0,125.0,3.0,0.0
143.0,0.0,0.0,1.0,69.0,0.3,6.0,9.4,0.0,0.0,0.0,0.0,27.0,132.0,159.0,1.0,0.0,145.0,144.0,146.0,1.0,0.0
121.0,5.0,3.0,5.0,55.0,1.8,0.0,10.6,4.0,0.0,0.0,0.0,99.0,70.0,169.0,9.0,1.0,124.0,122.0,126.0,33.0,0.0
128.0,4.0,4.0,2.0,36.0,1.6,0.0,4.9,1.0,0.0,0.0,0.0,124.0,59.0,183.0,5.0,0.0,137.0,135.0,139.0,18.0,0.0
122.0,2.0,0.0,1.0,31.0,1.3,0.0,8.8,0.0,0.0,0.0,0.0,52.0,95.0,147.0,2.0,1.0,120.0,123.0,124.0,5.0,0.0
122.0,4.0,0.0,3.0,22.0,1.7,0.0,13.5,0.0,0.0,0.0,0.0,45.0,103.0,148.0,1.0,0.0,131.0,129.0,131.0,4.0,0.0
130.0,1.0,0.0,3.0,23.0,1.3,10.0,5.7,0.0,0.0,0.0,0.0,32.0,120.0,152.0,2.0,0.0,133.0,133.0,134.0,1.0,0.0
130.0,7.0,2.0,6.0,65.0,1.7,0.0,1.3,0.0,0.0,0.0,0.0,45.0,112.0,157.0,4.0,0.0,136.0,135.0,138.0,3.0,0.0
127.0,2.0,3.0,1.0,58.0,0.5,0.0,8.3,0.0,0.0,0.0,0.0,38.0,113.0,151.0,3.0,0.0,129.0,134.0,136.0,6.0,0.0
125.0,0.0,0.0,2.0,44.0,0.7,15.0,8.7,0.0,0.0,0.0,0.0,21.0,120.0,141.0,0.0,0.0,131.0,130.0,131.0,1.0,0.0
131.0,0.0,0.0,3.0,29.0,1.0,0.0,12.9,0.0,0.0,0.0,0.0,31.0,115.0,146.0,0.0,0.0,129.0,131.0,132.0,3.0,0.0
122.0,1.0,0.0,0.0,12.0,3.6,0.0,25.3,3.0,0.0,0.0,0.0,129.0,51.0,180.0,7.0,1.0,122.0,119.0,122.0,79.0,0.0
133.0,2.0,0.0,3.0,28.0,1.6,0.0,15.2,3.0,0.0,0.0,0.0,96.0,57.0,153.0,5.0,2.0,141.0,135.0,140.0,26.0,1.0
142.0,1.0,0.0,4.0,29.0,2.7,0.0,2.8,8.0,0.0,0.0,0.0,144.0,50.0,194.0,8.0,0.0,143.0,132.0,139.0,42.0,0.0
136.0,0.0,2.0,6.0,67.0,2.2,0.0,4.4,1.0,0.0,0.0,0.0,45.0,100.0,145.0,3.0,0.0,133.0,131.0,136.0,2.0,1.0
141.0,0.0,9.0,1.0,78.0,0.2,49.0,4.8,0.0,0.0,0.0,0.0,10.0,136.0,146.0,1.0,0.0,142.0,141.0,143.0,0.0,0.0
121.0,3.0,2.0,0.0,58.0,0.5,4.0,7.4,0.0,0.0,0.0,0.0,22.0,117.0,139.0,0.0,0.0,125.0,128.0,129.0,3.0,0.0
128.0,0.0,6.0,6.0,64.0,2.2,0.0,0.0,6.0,0.0,0.0,0.0,84.0,87.0,171.0,5.0,1.0,129.0,118.0,125.0,13.0,0.0
146.0,4.0,0.0,4.0,39.0,0.9,18.0,5.2,0.0,0.0,0.0,0.0,44.0,134.0,178.0,5.0,0.0,154.0,154.0,155.0,4.0,0.0
143.0,0.0,19.0,0.0,65.0,0.3,43.0,6.5,0.0,0.0,0.0,0.0,24.0,131.0,155.0,2.0,0.0,147.0,145.0,147.0,1.0,0.0
120.0,0.0,0.0,2.0,45.0,0.8,0.0,11.2,0.0,0.0,0.0,0.0,27.0,109.0,136.0,2.0,0.0,123.0,124.0,126.0,2.0,0.0
133.0,0.0,8.0,7.0,69.0,3.0,1.0,1.2,0.0,0.0,0.0,0.0,57.0,91.0,148.0,8.0,0.0,134.0,128.0,134.0,2.0,1.0
139.0,1.0,8.0,0.0,54.0,0.9,3.0,9.4,0.0,0.0,0.0,0.0,121.0,55.0,176.0,6.0,1.0,154.0,147.0,148.0,9.0,1.0
130.0,3.0,0.0,8.0,37.0,0.9,0.0,13.4,0.0,0.0,0.0,0.0,43.0,112.0,155.0,3.0,0.0,136.0,134.0,135.0,3.0,0.0
159.0,0.0,0.0,2.0,65.0,0.4,11.0,6.8,0.0,0.0,0.0,0.0,15.0,153.0,168.0,0.0,0.0,163.0,162.0,164.0,0.0,1.0
141.0,7.0,0.0,1.0,42.0,1.8,0.0,15.5,0.0,0.0,0.0,0.0,116.0,70.0,186.0,8.0,1.0,153.0,151.0,152.0,14.0,1.0
133.0,0.0,3.0,8.0,63.0,2.3,0.0,0.5,3.0,0.0,0.0,0.0,36.0,103.0,139.0,2.0,0.0,133.0,124.0,130.0,8.0,1.0
140.0,9.0,0.0,1.0,57.0,1.3,0.0,9.9,0.0,0.0,0.0,0.0,138.0,50.0,188.0,4.0,0.0,176.0,164.0,169.0,31.0,1.0
138.0,1.0,0.0,3.0,44.0,1.0,20.0,11.9,0.0,0.0,0.0,0.0,99.0,81.0,180.0,9.0,2.0,162.0,156.0,159.0,8.0,1.0
131.0,0.0,0.0,4.0,32.0,2.2,12.0,6.1,5.0,0.0,0.0,0.0,108.0,59.0,167.0,6.0,1.0,143.0,125.0,137.0,91.0,1.0
138.0,0.0,0.0,2.0,65.0,0.4,14.0,7.0,0.0,0.0,0.0,0.0,20.0,129.0,149.0,3.0,0.0,141.0,140.0,142.0,1.0,0.0
129.0,2.0,2.0,0.0,39.0,1.1,0.0,11.7,0.0,0.0,0.0,0.0,105.0,55.0,160.0,3.0,2.0,127.0,136.0,137.0,21.0,1.0
130.0,8.0,0.0,3.0,67.0,1.1,0.0,1.0,0.0,0.0,0.0,0.0,45.0,112.0,157.0,5.0,0.0,137.0,136.0,138.0,2.0,0.0
123.0,3.0,0.0,4.0,35.0,0.9,13.0,3.2,0.0,0.0,0.0,0.0,33.0,116.0,149.0,1.0,0.0,126.0,128.0,127.0,3.0,-1.0
136.0,1.0,0.0,4.0,37.0,0.9,0.0,12.1,0.0,0.0,0.0,0.0,36.0,118.0,154.0,2.0,0.0,138.0,139.0,141.0,2.0,0.0
118.0,3.0,0.0,6.0,41.0,2.5,0.0,5.8,2.0,0.0,0.0,0.0,119.0,52.0,171.0,6.0,0.0,123.0,122.0,124.0,19.0,0.0
133.0,0.0,4.0,12.0,61.0,2.5,0.0,0.1,5.0,0.0,0.0,0.0,62.0,86.0,148.0,2.0,0.0,133.0,123.0,130.0,14.0,1.0
152.0,0.0,0.0,2.0,59.0,0.5,50.0,9.1,0.0,0.0,0.0,0.0,36.0,128.0,164.0,2.0,0.0,160.0,157.0,160.0,2.0,1.0
158.0,0.0,0.0,0.0,57.0,0.5,58.0,4.3,0.0,0.0,0.0,0.0,11.0,159.0,170.0,0.0,0.0,165.0,165.0,166.0,0.0,0.0
110.0,3.0,0.0,6.0,63.0,2.4,0.0,1.8,4.0,0.0,0.0,0.0,176.0,62.0,238.0,10.0,1.0,98.0,101.0,105.0,59.0,-1.0
148.0,0.0,3.0,4.0,78.0,0.5,4.0,10.0,0.0,0.0,0.0,0.0,32.0,140.0,172.0,1.0,0.0,150.0,150.0,151.0,1.0,-1.0
121.0,5.0,2.0,3.0,56.0,1.4,0.0,14.0,4.0,0.0,0.0,0.0,88.0,81.0,169.0,4.0,0.0,124.0,123.0,125.0,23.0,0.0
133.0,0.0,4.0,1.0,54.0,0.6,0.0,13.6,0.0,0.0,0.0,0.0,80.0,68.0,148.0,2.0,0.0,137.0,138.0,139.0,2.0,1.0
122.0,0.0,0.0,3.0,27.0,1.2,0.0,10.1,1.0,0.0,0.0,0.0,43.0,93.0,136.0,2.0,0.0,125.0,122.0,124.0,3.0,1.0
137.0,17.0,0.0,8.0,56.0,2.4,0.0,0.4,5.0,0.0,0.0,0.0,136.0,52.0,188.0,5.0,0.0,160.0,141.0,161.0,51.0,1.0
139.0,0.0,3.0,0.0,78.0,0.2,59.0,4.2,0.0,0.0,0.0,0.0,11.0,133.0,144.0,1.0,0.0,140.0,139.0,141.0,0.0,0.0
148.0,0.0,18.0,0.0,74.0,0.2,78.0,3.6,0.0,0.0,0.0,0.0,14.0,139.0,153.0,0.0,0.0,148.0,148.0,149.0,0.0,0.0
134.0,0.0,0.0,5.0,20.0,2.1,0.0,8.2,6.0,0.0,0.0,0.0,115.0,50.0,165.0,7.0,2.0,126.0,117.0,126.0,63.0,0.0
141.0,1.0,0.0,1.0,54.0,0.9,7.0,9.5,3.0,0.0,0.0,0.0,124.0,60.0,184.0,12.0,2.0,150.0,139.0,147.0,49.0,1.0
156.0,0.0,1.0,2.0,53.0,0.6,6.0,10.8,0.0,0.0,0.0,0.0,27.0,141.0,168.0,2.0,1.0,163.0,159.0,161.0,2.0,1.0
142.0,0.0,6.0,0.0,51.0,1.2,5.0,19.7,0.0,0.0,0.0,0.0,119.0,56.0,175.0,12.0,0.0,141.0,141.0,143.0,5.0,1.0
133.0,10.0,0.0,3.0,28.0,1.6,0.0,0.0,1.0,0.0,0.0,0.0,89.0,91.0,180.0,7.0,1.0,163.0,152.0,158.0,34.0,1.0
120.0,4.0,0.0,2.0,46.0,1.5,11.0,19.0,1.0,0.0,0.0,0.0,132.0,57.0,189.0,9.0,0.0,125.0,123.0,126.0,15.0,0.0
130.0,0.0,6.0,4.0,73.0,2.9,0.0,2.2,0.0,0.0,0.0,0.0,27.0,124.0,151.0,2.0,0.0,132.0,127.0,133.0,1.0,-1.0
120.0,0.0,0.0,1.0,50.0,0.7,26.0,6.0,0.0,0.0,0.0,0.0,20.0,116.0,136.0,0.0,0.0,125.0,123.0,125.0,1.0,0.0
138.0,0.0,1.0,0.0,38.0,1.2,0.0,16.5,0.0,0.0,0.0,0.0,84.0,71.0,155.0,4.0,0.0,144.0,140.0,142.0,5.0,1.0
131.0,0.0,0.0,4.0,29.0,1.0,0.0,13.0,0.0,0.0,0.0,0.0,31.0,117.0,148.0,0.0,0.0,129.0,133.0,134.0,5.0,0.0
123.0,9.0,0.0,1.0,24.0,2.2,0.0,1.7,0.0,0.0,0.0,0.0,52.0,100.0,152.0,1.0,0.0,136.0,133.0,135.0,5.0,0.0
131.0,4.0,20.0,0.0,44.0,0.8,0.0,4.6,0.0,0.0,0.0,0.0,65.0,125.0,190.0,1.0,0.0,137.0,146.0,140.0,38.0,-1.0
132.0,0.0,0.0,2.0,15.0,3.2,0.0,16.9,3.0,0.0,0.0,0.0,100.0,50.0,150.0,10.0,2.0,133.0,122.0,130.0,41.0,1.0
132.0,2.0,0.0,10.0,34.0,1.2,0.0,12.4,1.0,0.0,1.0,0.0,106.0,61.0,167.0,3.0,1.0,99.0,124.0,131.0,116.0,1.0
145.0,0.0,20.0,0.0,74.0,0.3,30.0,8.5,0.0,0.0,0.0,0.0,54.0,131.0,185.0,2.0,0.0,145.0,144.0,146.0,1.0,-1.0
138.0,0.0,0.0,1.0,44.0,0.7,58.0,5.0,0.0,0.0,0.0,0.0,16.0,129.0,145.0,1.0,0.0,141.0,140.0,142.0,0.0,1.0
123.0,0.0,0.0,0.0,49.0,0.8,7.0,13.8,0.0,0.0,0.0,0.0,74.0,63.0,137.0,2.0,0.0,129.0,127.0,129.0,2.0,1.0
142.0,10.0,0.0,8.0,43.0,0.9,0.0,6.1,0.0,0.0,0.0,0.0,46.0,127.0,173.0,3.0,0.0,149.0,149.0,150.0,4.0,0.0
144.0,4.0,0.0,5.0,40.0,0.8,0.0,9.9,0.0,0.0,0.0,0.0,59.0,112.0,171.0,3.0,0.0,160.0,154.0,157.0,8.0,1.0
135.0,5.0,2.0,0.0,58.0,0.6,3.0,3.9,0.0,0.0,0.0,0.0,95.0,70.0,165.0,5.0,0.0,142.0,143.0,144.0,2.0,1.0
141.0,4.0,0.0,9.0,58.0,0.6,1.0,8.5,0.0,0.0,0.0,0.0,60.0,111.0,171.0,3.0,1.0,153.0,154.0,156.0,4.0,1.0
135.0,0.0,0.0,0.0,62.0,0.5,71.0,6.9,0.0,0.0,0.0,0.0,97.0,71.0,168.0,3.0,0.0,143.0,142.0,144.0,1.0,1.0
148.0,4.0,0.0,6.0,44.0,0.8,8.0,9.4,0.0,0.0,0.0,0.0,31.0,142.0,173.0,4.0,0.0,157.0,156.0,158.0,1.0,0.0
131.0,5.0,3.0,2.0,53.0,2.4,0.0,0.0,0.0,0.0,0.0,0.0,56.0,109.0,165.0,4.0,0.0,131.0,140.0,143.0,25.0,0.0
143.0,0.0,0.0,3.0,67.0,0.3,6.0,9.6,0.0,0.0,0.0,0.0,24.0,134.0,158.0,1.0,0.0,144.0,144.0,146.0,1.0,0.0
148.0,2.0,0.0,1.0,40.0,0.9,0.0,10.6,0.0,0.0,0.0,0.0,35.0,136.0,171.0,1.0,0.0,153.0,155.0,156.0,4.0,0.0
120.0,3.0,1.0,2.0,56.0,0.5,0.0,8.8,0.0,0.0,0.0,0.0,35.0,106.0,141.0,1.0,0.0,125.0,125.0,126.0,3.0,0.0
134.0,8.0,1.0,9.0,60.0,1.2,0.0,0.0,5.0,0.0,0.0,0.0,109.0,80.0,189.0,8.0,0.0,156.0,145.0,154.0,69.0,1.0
146.0,4.0,0.0,4.0,27.0,1.5,0.0,14.4,1.0,0.0,0.0,0.0,55.0,119.0,174.0,5.0,0.0,155.0,152.0,155.0,8.0,0.0
120.0,9.0,123.0,1.0,28.0,3.4,0.0,21.7,1.0,0.0,0.0,0.0,126.0,55.0,181.0,13.0,0.0,121.0,124.0,126.0,25.0,0.0
133.0,0.0,0.0,1.0,37.0,1.3,4.0,14.6,6.0,0.0,0.0,0.0,81.0,71.0,152.0,4.0,0.0,136.0,130.0,136.0,24.0,1.0
142.0,6.0,24.0,1.0,38.0,1.1,0.0,0.0,0.0,0.0,0.0,0.0,76.0,112.0,188.0,2.0,0.0,176.0,173.0,176.0,11.0,1.0
121.0,3.0,2.0,3.0,58.0,1.7,0.0,8.4,5.0,0.0,0.0,0.0,96.0,67.0,163.0,6.0,1.0,122.0,115.0,120.0,31.0,0.0
127.0,3.0,0.0,5.0,32.0,1.1,0.0,7.0,0.0,0.0,0.0,0.0,57.0,114.0,171.0,2.0,0.0,127.0,137.0,135.0,23.0,-1.0
130.0,9.0,2.0,3.0,52.0,1.6,0.0,4.2,5.0,0.0,0.0,0.0,106.0,73.0,179.0,7.0,0.0,144.0,138.0,143.0,29.0,0.0
119.0,1.0,0.0,2.0,31.0,1.3,3.0,11.3,0.0,0.0,0.0,0.0,89.0,77.0,166.0,6.0,0.0,121.0,122.0,123.0,2.0,0.0
123.0,2.0,3.0,0.0,55.0,0.7,0.0,8.6,0.0,0.0,0.0,0.0,71.0,81.0,152.0,4.0,0.0,129.0,129.0,130.0,3.0,1.0
151.0,0.0,0.0,3.0,60.0,0.9,17.0,3.4,2.0,0.0,0.0,0.0,124.0,50.0,174.0,8.0,0.0,156.0,148.0,155.0,37.0,1.0
133.0,0.0,4.0,7.0,62.0,2.1,0.0,1.6,4.0,0.0,0.0,0.0,98.0,64.0,162.0,2.0,0.0,133.0,122.0,129.0,25.0,0.0
134.0,1.0,0.0,9.0,29.0,6.3,0.0,0.0,6.0,0.0,2.0,0.0,150.0,50.0,200.0,6.0,3.0,71.0,107.0,106.0,215.0,0.0
145.0,3.0,0.0,5.0,55.0,0.6,8.0,6.6,0.0,0.0,0.0,0.0,73.0,93.0,166.0,5.0,0.0,149.0,150.0,151.0,1.0,1.0
135.0,21.0,2.0,10.0,61.0,0.8,0.0,6.7,0.0,0.0,0.0,0.0,48.0,120.0,168.0,2.0,0.0,148.0,143.0,145.0,6.0,0.0
141.0,5.0,0.0,9.0,57.0,0.7,1.0,8.1,1.0,0.0,0.0,0.0,69.0,102.0,171.0,4.0,0.0,160.0,152.0,156.0,13.0,1.0
110.0,4.0,0.0,10.0,63.0,2.7,0.0,1.8,5.0,0.0,0.0,0.0,176.0,62.0,238.0,9.0,0.0,95.0,98.0,106.0,61.0,-1.0
135.0,0.0,0.0,0.0,67.0,0.4,69.0,4.6,0.0,0.0,0.0,0.0,76.0,67.0,143.0,2.0,0.0,137.0,136.0,138.0,0.0,1.0
125.0,3.0,0.0,4.0,32.0,1.0,5.0,10.7,0.0,0.0,0.0,0.0,47.0,100.0,147.0,1.0,0.0,126.0,127.0,128.0,3.0,0.0
130.0,0.0,1.0,0.0,78.0,0.2,84.0,2.0,1.0,0.0,0.0,0.0,28.0,105.0,133.0,6.0,0.0,131.0,130.0,132.0,1.0,1.0
138.0,7.0,2.0,2.0,50.0,1.7,0.0,5.6,5.0,0.0,0.0,0.0,102.0,70.0,172.0,6.0,0.0,142.0,139.0,144.0,26.0,1.0
148.0,0.0,0.0,3.0,49.0,0.6,1.0,9.6,0.0,0.0,0.0,0.0,21.0,143.0,164.0,0.0,0.0,155.0,154.0,156.0,0.0,0.0
151.0,0.0,0.0,0.0,48.0,0.6,68.0,4.0,0.0,0.0,0.0,0.0,8.0,154.0,162.0,0.0,0.0,159.0,158.0,160.0,0.0,0.0
148.0,0.0,0.0,3.0,41.0,1.0,5.0,13.4,0.0,0.0,0.0,0.0,60.0,135.0,195.0,4.0,1.0,157.0,155.0,158.0,2.0,0.0
128.0,0.0,2.0,8.0,65.0,2.5,0.0,0.0,6.0,0.0,2.0,0.0,129.0,63.0,192.0,6.0,0.0,104.0,94.0,115.0,28.0,0.0
134.0,0.0,0.0,0.0,80.0,0.2,90.0,1.3,0.0,0.0,0.0,0.0,3.0,133.0,136.0,1.0,0.0,135.0,134.0,136.0,0.0,1.0
152.0,0.0,0.0,3.0,61.0,0.4,64.0,6.1,0.0,0.0,0.0,0.0,34.0,129.0,163.0,3.0,1.0,160.0,157.0,160.0,1.0,1.0
127.0,4.0,0.0,4.0,21.0,2.2,0.0,24.9,2.0,0.0,0.0,0.0,101.0,81.0,182.0,5.0,0.0,131.0,131.0,133.0,26.0,0.0
145.0,0.0,0.0,0.0,66.0,0.4,9.0,7.7,0.0,0.0,0.0,0.0,22.0,135.0,157.0,1.0,0.0,148.0,148.0,149.0,0.0,0.0
133.0,2.0,0.0,4.0,34.0,1.1,6.0,14.5,0.0,0.0,0.0,0.0,58.0,101.0,159.0,4.0,0.0,142.0,139.0,142.0,4.0,1.0
120.0,9.0,62.0,1.0,36.0,2.1,0.0,0.9,0.0,0.0,0.0,0.0,140.0,53.0,193.0,13.0,0.0,167.0,151.0,158.0,56.0,1.0
122.0,0.0,0.0,3.0,27.0,1.4,4.0,12.3,1.0,0.0,0.0,0.0,53.0,91.0,144.0,4.0,0.0,126.0,120.0,122.0,6.0,0.0
132.0,0.0,64.0,1.0,29.0,2.9,0.0,15.1,7.0,0.0,0.0,0.0,144.0,50.0,194.0,11.0,1.0,133.0,124.0,130.0,35.0,0.0
131.0,11.0,0.0,5.0,23.0,1.5,0.0,6.6,0.0,0.0,0.0,0.0,52.0,124.0,176.0,3.0,0.0,148.0,148.0,149.0,7.0,0.0
132.0,4.0,0.0,5.0,16.0,2.4,0.0,19.9,0.0,0.0,0.0,0.0,117.0,53.0,170.0,9.0,0.0,137.0,136.0,138.0,11.0,1.0
148.0,5.0,0.0,6.0,27.0,1.5,8.0,13.0,0.0,0.0,0.0,0.0,50.0,129.0,179.0,3.0,0.0,157.0,154.0,157.0,6.0,0.0
129.0,2.0,0.0,0.0,28.0,1.1,1.0,7.1,0.0,0.0,0.0,0.0,30.0,122.0,152.0,1.0,0.0,133.0,133.0,134.0,2.0,0.0
130.0,0.0,0.0,5.0,55.0,0.5,11.0,7.6,0.0,0.0,0.0,0.0,20.0,124.0,144.0,1.0,0.0,133.0,132.0,134.0,0.0,0.0
115.0,5.0,0.0,10.0,17.0,2.0,0.0,6.8,2.0,0.0,1.0,0.0,89.0,80.0,169.0,3.0,1.0,121.0,115.0,119.0,25.0,0.0
138.0,2.0,0.0,1.0,18.0,4.2,0.0,17.2,0.0,0.0,0.0,0.0,62.0,114.0,176.0,4.0,0.0,157.0,149.0,151.0,13.0,0.0
130.0,0.0,1.0,0.0,56.0,0.5,33.0,7.5,0.0,0.0,0.0,0.0,19.0,125.0,144.0,2.0,0.0,129.0,131.0,132.0,2.0,-1.0
133.0,2.0,0.0,6.0,50.0,0.9,1.0,10.8,0.0,0.0,0.0,0.0,46.0,115.0,161.0,2.0,1.0,135.0,136.0,137.0,3.0,0.0
140.0,0.0,1.0,3.0,60.0,1.5,0.0,6.5,7.0,0.0,0.0,0.0,105.0,63.0,168.0,8.0,0.0,142.0,124.0,142.0,25.0,1.0
158.0,6.0,0.0,9.0,27.0,1.7,0.0,14.9,1.0,0.0,0.0,0.0,120.0,77.0,197.0,7.0,0.0,170.0,168.0,170.0,14.0,1.0
120.0,3.0,13.0,3.0,50.0,0.7,7.0,6.1,0.0,0.0,0.0,0.0,94.0,60.0,154.0,2.0,0.0,123.0,126.0,125.0,10.0,1.0
130.0,5.0,1.0,3.0,51.0,1.9,0.0,4.9,6.0,0.0,0.0,0.0,125.0,73.0,198.0,6.0,0.0,131.0,137.0,140.0,56.0,0.0
139.0,0.0,1.0,0.0,76.0,0.3,12.0,6.1,0.0,0.0,0.0,0.0,17.0,128.0,145.0,1.0,1.0,140.0,140.0,141.0,0.0,1.0
125.0,0.0,0.0,6.0,64.0,1.3,0.0,1.9,9.0,0.0,0.0,0.0,90.0,65.0,155.0,5.0,0.0,111.0,111.0,113.0,7.0,0.0
138.0,1.0,1.0,0.0,52.0,1.0,18.0,14.8,0.0,0.0,0.0,0.0,102.0,74.0,176.0,8.0,1.0,142.0,141.0,143.0,3.0,1.0
122.0,7.0,0.0,3.0,19.0,2.3,0.0,12.1,0.0,0.0,0.0,0.0,53.0,104.0,157.0,2.0,1.0,125.0,127.0,128.0,8.0,0.0
130.0,9.0,1.0,1.0,70.0,0.7,6.0,4.4,0.0,0.0,0.0,0.0,31.0,127.0,158.0,1.0,0.0,139.0,140.0,141.0,3.0,0.0
143.0,0.0,0.0,8.0,66.0,0.4,4.0,13.6,0.0,0.0,0.0,0.0,56.0,106.0,162.0,4.0,1.0,146.0,145.0,147.0,2.0,1.0
120.0,1.0,0.0,8.0,47.0,1.0,2.0,9.8,1.0,0.0,0.0,0.0,67.0,73.0,140.0,9.0,0.0,116.0,121.0,121.0,9.0,1.0
125.0,1.0,7.0,3.0,18.0,2.7,0.0,6.3,4.0,0.0,0.0,0.0,125.0,53.0,178.0,10.0,0.0,131.0,115.0,121.0,72.0,0.0
121.0,3.0,0.0,4.0,24.0,1.7,0.0,4.1,2.0,0.0,0.0,0.0,72.0,74.0,146.0,4.0,0.0,129.0,121.0,126.0,25.0,1.0
132.0,7.0,0.0,9.0,30.0,1.5,0.0,7.9,1.0,0.0,1.0,0.0,102.0,61.0,163.0,4.0,0.0,145.0,124.0,131.0,96.0,1.0
134.0,9.0,1.0,11.0,61.0,1.1,0.0,3.7,6.0,0.0,0.0,0.0,109.0,80.0,189.0,10.0,0.0,156.0,144.0,151.0,61.0,0.0
125.0,3.0,1.0,5.0,61.0,1.2,0.0,6.9,7.0,0.0,0.0,0.0,96.0,68.0,164.0,5.0,1.0,110.0,118.0,119.0,30.0,0.0
133.0,0.0,0.0,4.0,20.0,2.7,0.0,18.5,6.0,0.0,0.0,0.0,98.0,63.0,161.0,7.0,0.0,136.0,124.0,134.0,61.0,1.0
125.0,1.0,0.0,4.0,43.0,0.7,31.0,7.8,0.0,0.0,0.0,0.0,21.0,120.0,141.0,0.0,0.0,131.0,130.0,132.0,1.0,0.0
126.0,0.0,0.0,6.0,56.0,0.5,29.0,7.5,0.0,0.0,0.0,0.0,26.0,116.0,142.0,2.0,0.0,129.0,128.0,130.0,1.0,0.0
138.0,13.0,0.0,4.0,51.0,1.1,0.0,2.1,0.0,0.0,0.0,0.0,49.0,122.0,171.0,3.0,0.0,148.0,148.0,149.0,6.0,0.0
132.0,0.0,0.0,1.0,49.0,2.0,0.0,23.3,0.0,0.0,0.0,0.0,89.0,62.0,151.0,5.0,0.0,133.0,133.0,135.0,8.0,1.0
138.0,1.0,2.0,4.0,52.0,2.6,0.0,2.4,7.0,0.0,0.0,0.0,104.0,60.0,164.0,4.0,0.0,135.0,124.0,135.0,48.0,1.0
137.0,0.0,1.0,7.0,59.0,1.8,0.0,6.4,4.0,0.0,0.0,0.0,102.0,64.0,166.0,5.0,1.0,139.0,133.0,140.0,13.0,1.0
133.0,0.0,0.0,4.0,36.0,1.0,8.0,16.4,0.0,0.0,0.0,0.0,59.0,91.0,150.0,3.0,0.0,136.0,134.0,137.0,3.0,1.0
125.0,1.0,0.0,2.0,36.0,1.0,10.0,9.6,1.0,0.0,0.0,0.0,54.0,93.0,147.0,1.0,0.0,126.0,127.0,128.0,3.0,0.0
122.0,0.0,0.0,5.0,31.0,1.0,7.0,9.5,2.0,0.0,0.0,0.0,32.0,101.0,133.0,2.0,0.0,123.0,122.0,124.0,3.0,1.0
138.0,16.0,0.0,3.0,50.0,1.0,0.0,2.2,0.0,0.0,0.0,0.0,72.0,99.0,171.0,5.0,1.0,147.0,147.0,148.0,7.0,1.0
135.0,0.0,2.0,0.0,59.0,0.5,16.0,8.5,0.0,0.0,0.0,0.0,40.0,113.0,153.0,4.0,0.0,139.0,139.0,140.0,1.0,0.0
122.0,0.0,0.0,1.0,26.0,1.3,4.0,9.8,0.0,0.0,0.0,0.0,30.0,106.0,136.0,1.0,0.0,126.0,122.0,125.0,3.0,0.0
130.0,4.0,23.0,3.0,46.0,0.8,0.0,6.9,0.0,0.0,0.0,0.0,88.0,71.0,159.0,3.0,0.0,133.0,141.0,139.0,15.0,1.0
133.0,0.0,7.0,4.0,72.0,2.1,11.0,2.5,0.0,0.0,0.0,0.0,60.0,91.0,151.0,10.0,0.0,136.0,132.0,136.0,1.0,1.0
122.0,3.0,0.0,4.0,21.0,1.7,0.0,6.7,4.0,0.0,0.0,0.0,69.0,74.0,143.0,4.0,0.0,133.0,121.0,126.0,32.0,1.0
143.0,0.0,0.0,2.0,68.0,0.3,5.0,9.4,0.0,0.0,0.0,0.0,23.0,135.0,158.0,1.0,0.0,144.0,144.0,145.0,1.0,0.0
140.0,0.0,0.0,6.0,42.0,1.4,16.0,11.1,0.0,0.0,0.0,0.0,48.0,124.0,172.0,1.0,0.0,151.0,150.0,151.0,4.0,0.0
121.0,8.0,0.0,6.0,27.0,1.2,0.0,3.3,1.0,0.0,0.0,0.0,67.0,90.0,157.0,4.0,0.0,129.0,129.0,129.0,12.0,0.0
118.0,0.0,0.0,5.0,26.0,1.2,0.0,11.1,0.0,0.0,0.0,0.0,44.0,100.0,144.0,3.0,0.0,120.0,119.0,120.0,2.0,0.0
144.0,1.0,0.0,4.0,46.0,0.8,2.0,11.5,0.0,0.0,0.0,0.0,31.0,138.0,169.0,3.0,0.0,162.0,158.0,161.0,5.0,1.0
125.0,3.0,0.0,4.0,31.0,1.3,0.0,11.3,0.0,0.0,0.0,0.0,85.0,114.0,199.0,3.0,0.0,126.0,131.0,132.0,9.0,-1.0
127.0,7.0,0.0,6.0,22.0,1.7,0.0,0.0,2.0,0.0,1.0,0.0,129.0,52.0,181.0,8.0,0.0,140.0,136.0,142.0,63.0,1.0
138.0,15.0,0.0,9.0,50.0,1.2,0.0,1.4,1.0,0.0,0.0,0.0,98.0,73.0,171.0,7.0,0.0,148.0,146.0,148.0,11.0,1.0
110.0,3.0,0.0,3.0,64.0,1.6,0.0,6.8,1.0,0.0,0.0,0.0,116.0,62.0,178.0,12.0,1.0,107.0,105.0,108.0,37.0,0.0
120.0,6.0,0.0,2.0,41.0,2.2,4.0,25.2,0.0,0.0,0.0,0.0,107.0,58.0,165.0,4.0,1.0,121.0,124.0,126.0,16.0,0.0
137.0,13.0,0.0,3.0,56.0,2.1,0.0,0.2,4.0,0.0,0.0,0.0,136.0,52.0,188.0,3.0,0.0,160.0,144.0,161.0,39.0,1.0
120.0,0.0,5.0,2.0,38.0,1.3,0.0,15.8,0.0,0.0,0.0,0.0,59.0,103.0,162.0,6.0,0.0,119.0,118.0,120.0,4.0,-1.0
122.0,0.0,0.0,5.0,21.0,1.7,0.0,8.0,6.0,0.0,0.0,0.0,55.0,81.0,136.0,2.0,1.0,126.0,115.0,118.0,22.0,1.0
142.0,1.0,0.0,2.0,25.0,2.1,0.0,0.0,5.0,0.0,0.0,0.0,115.0,67.0,182.0,2.0,0.0,143.0,128.0,133.0,83.0,0.0
148.0,2.0,0.0,3.0,37.0,0.8,0.0,7.1,0.0,0.0,0.0,0.0,39.0,142.0,181.0,1.0,0.0,157.0,157.0,159.0,3.0,0.0
139.0,2.0,0.0,7.0,58.0,0.7,2.0,11.5,0.0,0.0,0.0,0.0,51.0,112.0,163.0,3.0,0.0,150.0,147.0,150.0,4.0,1.0
142.0,1.0,0.0,5.0,43.0,0.7,37.0,7.2,0.0,0.0,0.0,0.0,28.0,130.0,158.0,3.0,0.0,147.0,146.0,148.0,0.0,0.0
116.0,1.0,25.0,3.0,40.0,1.6,1.0,13.3,0.0,0.0,0.0,0.0,93.0,55.0,148.0,6.0,0.0,127.0,124.0,127.0,9.0,1.0
123.0,0.0,0.0,0.0,71.0,0.3,77.0,4.1,0.0,0.0,0.0,0.0,19.0,110.0,129.0,1.0,0.0,123.0,123.0,124.0,0.0,1.0
110.0,1.0,2.0,1.0,68.0,3.2,0.0,0.0,5.0,0.0,1.0,0.0,124.0,63.0,187.0,6.0,1.0,91.0,78.0,94.0,39.0,-1.0
128.0,1.0,2.0,1.0,14.0,2.7,0.0,0.0,2.0,0.0,1.0,0.0,89.0,67.0,156.0,4.0,0.0,115.0,115.0,116.0,44.0,0.0
130.0,2.0,10.0,4.0,57.0,0.6,26.0,14.3,0.0,0.0,0.0,0.0,91.0,65.0,156.0,7.0,0.0,129.0,131.0,133.0,10.0,1.0
133.0,0.0,0.0,11.0,60.0,3.0,0.0,0.0,1.0,0.0,2.0,0.0,97.0,58.0,155.0,4.0,0.0,125.0,96.0,105.0,79.0,0.0
121.0,0.0,0.0,3.0,70.0,1.9,0.0,0.0,7.0,1.0,0.0,0.0,102.0,55.0,157.0,6.0,2.0,67.0,76.0,79.0,68.0,-1.0
127.0,7.0,21.0,1.0,38.0,1.4,0.0,7.2,0.0,0.0,0.0,0.0,113.0,61.0,174.0,6.0,1.0,129.0,144.0,141.0,45.0,1.0
132.0,7.0,0.0,6.0,28.0,1.7,0.0,0.0,0.0,0.0,1.0,0.0,104.0,62.0,166.0,7.0,1.0,145.0,134.0,145.0,76.0,1.0
122.0,0.0,0.0,0.0,20.0,1.8,0.0,13.8,1.0,0.0,0.0,0.0,39.0,103.0,142.0,1.0,0.0,120.0,119.0,121.0,3.0,0.0
149.0,6.0,0.0,6.0,29.0,1.7,0.0,1.8,1.0,0.0,0.0,0.0,121.0,58.0,179.0,7.0,0.0,169.0,161.0,166.0,22.0,1.0
121.0,4.0,0.0,10.0,34.0,1.1,0.0,6.3,5.0,0.0,0.0,0.0,83.0,70.0,153.0,5.0,1.0,127.0,123.0,126.0,29.0,1.0
106.0,0.0,0.0,7.0,64.0,0.6,0.0,10.4,0.0,0.0,0.0,0.0,20.0,102.0,122.0,1.0,0.0,111.0,111.0,112.0,0.0,0.0
140.0,3.0,1.0,7.0,63.0,1.2,0.0,5.3,4.0,0.0,0.0,0.0,68.0,93.0,161.0,4.0,0.0,143.0,136.0,143.0,19.0,1.0
120.0,3.0,11.0,2.0,45.0,0.8,0.0,8.7,0.0,0.0,0.0,0.0,44.0,116.0,160.0,2.0,0.0,153.0,142.0,147.0,27.0,1.0
142.0,0.0,0.0,3.0,45.0,0.7,21.0,8.9,0.0,0.0,0.0,0.0,25.0,132.0,157.0,1.0,0.0,145.0,144.0,146.0,1.0,0.0
128.0,0.0,0.0,7.0,30.0,1.2,0.0,14.2,0.0,0.0,0.0,0.0,77.0,119.0,196.0,3.0,0.0,148.0,154.0,155.0,13.0,0.0
129.0,0.0,4.0,0.0,47.0,1.1,6.0,21.9,0.0,0.0,0.0,0.0,91.0,52.0,143.0,3.0,0.0,131.0,130.0,132.0,7.0,1.0
133.0,0.0,0.0,0.0,75.0,0.2,91.0,2.9,0.0,0.0,0.0,0.0,7.0,131.0,138.0,1.0,0.0,133.0,134.0,135.0,0.0,0.0
135.0,10.0,2.0,4.0,60.0,0.9,0.0,0.5,0.0,0.0,0.0,0.0,39.0,124.0,163.0,1.0,0.0,148.0,143.0,146.0,6.0,0.0
144.0,0.0,0.0,2.0,26.0,1.3,0.0,17.0,0.0,0.0,0.0,0.0,52.0,112.0,164.0,2.0,0.0,150.0,146.0,148.0,6.0,1.0
127.0,4.0,0.0,3.0,16.0,3.4,0.0,0.0,4.0,0.0,0.0,0.0,138.0,53.0,191.0,11.0,0.0,153.0,124.0,130.0,136.0,0.0
145.0,0.0,0.0,1.0,70.0,0.3,40.0,5.3,0.0,0.0,0.0,0.0,14.0,139.0,153.0,1.0,0.0,146.0,146.0,147.0,0.0,0.0
121.0,0.0,1.0,3.0,67.0,2.1,0.0,0.0,11.0,1.0,0.0,0.0,102.0,55.0,157.0,4.0,1.0,67.0,81.0,87.0,89.0,-1.0
128.0,0.0,6.0,2.0,22.0,2.4,0.0,9.2,3.0,0.0,1.0,0.0,125.0,53.0,178.0,11.0,0.0,143.0,121.0,131.0,101.0,0.0
134.0,5.0,1.0,6.0,61.0,1.2,0.0,5.9,4.0,0.0,0.0,0.0,83.0,90.0,173.0,4.0,0.0,150.0,143.0,148.0,19.0,1.0
135.0,1.0,0.0,3.0,65.0,0.6,0.0,10.3,0.0,0.0,0.0,0.0,38.0,119.0,157.0,4.0,0.0,147.0,141.0,143.0,6.0,0.0
120.0,3.0,6.0,4.0,42.0,1.0,0.0,9.4,0.0,0.0,0.0,0.0,67.0,109.0,176.0,7.0,0.0,123.0,131.0,127.0,31.0,-1.0
116.0,0.0,0.0,2.0,48.0,0.6,26.0,5.5,0.0,0.0,0.0,0.0,12.0,114.0,126.0,1.0,0.0,120.0,120.0,122.0,0.0,0.0
147.0,0.0,0.0,1.0,71.0,0.3,17.0,5.8,1.0,0.0,0.0,0.0,15.0,139.0,154.0,0.0,0.0,143.0,145.0,146.0,1.0,0.0
127.0,0.0,0.0,2.0,21.0,1.7,0.0,12.4,0.0,0.0,0.0,0.0,37.0,114.0,151.0,4.0,0.0,128.0,130.0,131.0,2.0,0.0
120.0,0.0,2.0,2.0,53.0,0.6,3.0,8.1,0.0,0.0,0.0,0.0,19.0,116.0,135.0,1.0,0.0,125.0,123.0,125.0,1.0,0.0
130.0,1.0,0.0,4.0,22.0,1.4,11.0,7.2,0.0,0.0,0.0,0.0,32.0,120.0,152.0,2.0,0.0,133.0,132.0,134.0,1.0,0.0
141.0,5.0,0.0,6.0,58.0,0.5,0.0,7.8,0.0,0.0,0.0,0.0,37.0,131.0,168.0,0.0,0.0,153.0,153.0,154.0,2.0,0.0
142.0,0.0,0.0,7.0,59.0,0.4,32.0,6.3,0.0,0.0,0.0,0.0,22.0,141.0,163.0,1.0,0.0,155.0,153.0,155.0,1.0,0.0
133.0,0.0,0.0,9.0,60.0,3.3,0.0,0.0,3.0,0.0,1.0,0.0,81.0,58.0,139.0,2.0,0.0,125.0,96.0,111.0,75.0,1.0
135.0,5.0,4.0,0.0,59.0,0.5,13.0,6.6,0.0,0.0,0.0,0.0,95.0,70.0,165.0,5.0,0.0,142.0,141.0,143.0,2.0,1.0
144.0,2.0,0.0,5.0,34.0,1.2,5.0,10.2,1.0,0.0,0.0,0.0,80.0,102.0,182.0,4.0,0.0,157.0,152.0,155.0,17.0,0.0
150.0,0.0,0.0,0.0,76.0,0.3,31.0,5.4,0.0,0.0,0.0,0.0,11.0,146.0,157.0,1.0,0.0,154.0,153.0,155.0,0.0,1.0
138.0,4.0,15.0,0.0,42.0,1.0,0.0,13.6,0.0,0.0,0.0,0.0,115.0,71.0,186.0,5.0,0.0,144.0,143.0,144.0,6.0,0.0
143.0,0.0,0.0,2.0,64.0,0.6,26.0,11.6,0.0,0.0,0.0,0.0,85.0,73.0,158.0,7.0,1.0,146.0,145.0,147.0,2.0,1.0
121.0,3.0,0.0,6.0,25.0,1.6,0.0,3.8,5.0,0.0,0.0,0.0,73.0,71.0,144.0,2.0,0.0,120.0,114.0,119.0,29.0,1.0
123.0,0.0,0.0,1.0,60.0,0.6,0.0,10.4,0.0,0.0,0.0,0.0,52.0,84.0,136.0,4.0,0.0,125.0,124.0,126.0,2.0,1.0
142.0,2.0,44.0,1.0,64.0,4.0,0.0,0.4,6.0,0.0,0.0,0.0,143.0,67.0,210.0,9.0,2.0,142.0,109.0,150.0,54.0,0.0
110.0,5.0,1.0,9.0,64.0,0.9,0.0,10.6,1.0,0.0,0.0,0.0,65.0,92.0,157.0,6.0,0.0,110.0,114.0,113.0,21.0,-1.0
133.0,2.0,0.0,4.0,33.0,1.2,5.0,13.7,1.0,0.0,0.0,0.0,58.0,101.0,159.0,4.0,0.0,142.0,138.0,141.0,5.0,1.0
150.0,0.0,0.0,2.0,61.0,0.9,3.0,8.7,0.0,0.0,0.0,0.0,28.0,138.0,166.0,0.0,0.0,152.0,153.0,155.0,3.0,0.0
138.0,8.0,0.0,4.0,57.0,0.8,0.0,7.3,0.0,0.0,0.0,0.0,41.0,127.0,168.0,2.0,0.0,148.0,145.0,148.0,6.0,0.0
129.0,0.0,1.0,3.0,58.0,4.3,0.0,0.0,7.0,0.0,0.0,0.0,158.0,72.0,230.0,10.0,1.0,111.0,88.0,126.0,33.0,-1.0
134.0,5.0,1.0,6.0,53.0,1.8,0.0,0.9,4.0,0.0,0.0,0.0,83.0,83.0,166.0,5.0,0.0,143.0,133.0,140.0,29.0,1.0
131.0,8.0,0.0,4.0,29.0,1.3,0.0,4.5,0.0,0.0,0.0,0.0,89.0,82.0,171.0,8.0,0.0,143.0,145.0,145.0,9.0,1.0
137.0,0.0,4.0,2.0,59.0,2.0,0.0,9.8,6.0,0.0,0.0,0.0,116.0,52.0,168.0,6.0,1.0,142.0,121.0,141.0,34.0,1.0
134.0,0.0,4.0,0.0,79.0,0.2,41.0,5.5,0.0,0.0,0.0,0.0,17.0,128.0,145.0,2.0,0.0,135.0,135.0,136.0,1.0,0.0
143.0,7.0,0.0,1.0,59.0,0.8,0.0,7.2,0.0,0.0,0.0,0.0,72.0,96.0,168.0,3.0,0.0,152.0,146.0,150.0,8.0,1.0
123.0,0.0,0.0,0.0,73.0,0.3,91.0,2.9,0.0,0.0,0.0,0.0,9.0,120.0,129.0,2.0,0.0,123.0,124.0,125.0,0.0,0.0
131.0,0.0,0.0,6.0,25.0,2.4,3.0,3.9,7.0,0.0,0.0,0.0,108.0,59.0,167.0,7.0,1.0,136.0,120.0,134.0,82.0,1.0
136.0,2.0,0.0,3.0,44.0,0.7,18.0,4.1,0.0,0.0,0.0,0.0,24.0,133.0,157.0,1.0,0.0,140.0,141.0,142.0,1.0,0.0
142.0,3.0,32.0,2.0,66.0,3.2,0.0,0.5,3.0,0.0,1.0,0.0,106.0,69.0,175.0,10.0,0.0,138.0,112.0,146.0,98.0,1.0
137.0,11.0,1.0,6.0,58.0,1.5,0.0,5.4,4.0,0.0,0.0,0.0,109.0,69.0,178.0,2.0,0.0,146.0,143.0,150.0,52.0,1.0
125.0,6.0,6.0,1.0,50.0,0.9,0.0,2.5,0.0,0.0,0.0,0.0,118.0,57.0,175.0,8.0,0.0,133.0,132.0,133.0,4.0,0.0
143.0,3.0,0.0,6.0,48.0,0.7,0.0,10.6,0.0,0.0,0.0,0.0,38.0,136.0,174.0,2.0,1.0,155.0,155.0,157.0,2.0,0.0
136.0,3.0,0.0,4.0,42.0,0.7,22.0,4.5,0.0,0.0,0.0,0.0,37.0,120.0,157.0,3.0,0.0,141.0,141.0,142.0,1.0,0.0
122.0,1.0,0.0,2.0,27.0,1.3,0.0,9.3,0.0,0.0,0.0,0.0,27.0,113.0,140.0,1.0,0.0,125.0,125.0,126.0,1.0,0.0
139.0,6.0,0.0,4.0,38.0,0.9,0.0,7.1,0.0,0.0,0.0,0.0,34.0,136.0,170.0,1.0,0.0,144.0,146.0,146.0,4.0,-1.0
135.0,2.0,0.0,5.0,28.0,1.4,0.0,9.7,0.0,0.0,0.0,0.0,40.0,120.0,160.0,2.0,0.0,138.0,139.0,140.0,2.0,0.0
127.0,0.0,0.0,3.0,65.0,0.7,55.0,3.5,0.0,0.0,0.0,0.0,13.0,120.0,133.0,1.0,0.0,126.0,126.0,127.0,0.0,0.0
137.0,0.0,4.0,2.0,59.0,1.8,0.0,8.6,8.0,0.0,0.0,0.0,102.0,52.0,154.0,10.0,1.0,142.0,123.0,141.0,35.0,1.0
137.0,0.0,0.0,7.0,59.0,1.8,0.0,6.6,4.0,0.0,0.0,0.0,102.0,64.0,166.0,8.0,2.0,142.0,134.0,140.0,16.0,1.0
132.0,0.0,0.0,1.0,26.0,2.1,0.0,0.0,2.0,0.0,0.0,0.0,81.0,76.0,157.0,4.0,0.0,86.0,109.0,106.0,110.0,-1.0
121.0,0.0,0.0,2.0,24.0,1.5,0.0,0.0,3.0,0.0,1.0,0.0,68.0,71.0,139.0,2.0,0.0,123.0,106.0,108.0,53.0,0.0
112.0,3.0,0.0,8.0,23.0,1.5,1.0,9.2,1.0,0.0,0.0,0.0,55.0,89.0,144.0,5.0,0.0,114.0,114.0,116.0,4.0,0.0
133.0,0.0,0.0,5.0,75.0,0.4,15.0,6.7,0.0,0.0,0.0,0.0,26.0,129.0,155.0,2.0,0.0,136.0,137.0,139.0,1.0,0.0
130.0,10.0,1.0,1.0,71.0,0.7,5.0,3.8,0.0,0.0,0.0,0.0,31.0,127.0,158.0,1.0,0.0,139.0,139.0,140.0,3.0,0.0
131.0,8.0,0.0,5.0,54.0,1.6,0.0,2.7,1.0,0.0,0.0,0.0,56.0,111.0,167.0,2.0,0.0,138.0,139.0,141.0,8.0,0.0
132.0,6.0,0.0,6.0,27.0,1.7,0.0,11.3,0.0,0.0,0.0,0.0,122.0,54.0,176.0,8.0,0.0,150.0,146.0,149.0,18.0,1.0
122.0,0.0,14.0,2.0,21.0,4.7,0.0,15.7,4.0,0.0,0.0,0.0,150.0,50.0,200.0,8.0,0.0,116.0,112.0,117.0,23.0,0.0
158.0,0.0,0.0,0.0,56.0,0.6,31.0,8.6,0.0,0.0,0.0,0.0,92.0,77.0,169.0,1.0,0.0,165.0,162.0,164.0,2.0,1.0
146.0,8.0,1.0,1.0,40.0,1.9,0.0,25.6,0.0,0.0,0.0,0.0,122.0,50.0,172.0,4.0,0.0,154.0,151.0,155.0,16.0,1.0
128.0,0.0,4.0,0.0,74.0,0.2,45.0,6.9,0.0,0.0,0.0,0.0,22.0,122.0,144.0,1.0,0.0,133.0,130.0,132.0,1.0,0.0
120.0,0.0,1.0,0.0,69.0,0.3,21.0,7.0,0.0,0.0,0.0,0.0,19.0,114.0,133.0,2.0,0.0,120.0,120.0,121.0,0.0,-1.0
125.0,6.0,10.0,2.0,24.0,1.6,0.0,14.6,1.0,0.0,0.0,0.0,55.0,97.0,152.0,6.0,2.0,131.0,130.0,132.0,6.0,0.0
145.0,0.0,0.0,2.0,51.0,0.7,7.0,8.4,0.0,0.0,0.0,0.0,24.0,141.0,165.0,1.0,0.0,153.0,152.0,153.0,1.0,0.0
159.0,0.0,0.0,6.0,66.0,0.4,13.0,8.5,0.0,0.0,0.0,0.0,24.0,149.0,173.0,0.0,0.0,165.0,164.0,166.0,0.0,1.0
128.0,3.0,10.0,7.0,24.0,2.0,0.0,9.0,5.0,0.0,1.0,0.0,91.0,65.0,156.0,6.0,0.0,133.0,125.0,131.0,42.0,1.0
125.0,1.0,0.0,5.0,35.0,0.9,20.0,6.9,1.0,0.0,0.0,0.0,43.0,101.0,144.0,4.0,0.0,126.0,125.0,127.0,2.0,0.0
129.0,10.0,0.0,10.0,22.0,1.5,0.0,10.6,0.0,0.0,0.0,0.0,53.0,109.0,162.0,4.0,0.0,147.0,143.0,146.0,7.0,1.0
112.0,0.0,0.0,2.0,23.0,1.3,11.0,13.0,0.0,0.0,0.0,0.0,40.0,104.0,144.0,1.0,0.0,112.0,113.0,114.0,2.0,-1.0
133.0,0.0,1.0,5.0,60.0,2.7,0.0,8.2,2.0,0.0,2.0,0.0,105.0,60.0,165.0,5.0,0.0,119.0,100.0,112.0,53.0,0.0
142.0,9.0,33.0,2.0,38.0,1.3,0.0,0.0,0.0,0.0,0.0,0.0,130.0,68.0,198.0,5.0,0.0,180.0,173.0,177.0,14.0,1.0
128.0,1.0,8.0,4.0,22.0,2.2,0.0,9.4,3.0,0.0,1.0,0.0,125.0,53.0,178.0,7.0,0.0,143.0,123.0,130.0,80.0,0.0
129.0,9.0,50.0,3.0,36.0,1.5,0.0,17.9,1.0,0.0,0.0,0.0,134.0,61.0,195.0,11.0,2.0,186.0,154.0,147.0,157.0,0.0
131.0,0.0,0.0,2.0,39.0,1.0,6.0,2.5,4.0,0.0,0.0,0.0,68.0,73.0,141.0,5.0,0.0,135.0,124.0,134.0,39.0,1.0
125.0,6.0,4.0,2.0,22.0,2.1,0.0,0.0,1.0,0.0,0.0,0.0,107.0,67.0,174.0,4.0,0.0,134.0,136.0,138.0,16.0,0.0
132.0,0.0,3.0,0.0,61.0,0.4,35.0,5.7,0.0,0.0,0.0,0.0,18.0,126.0,144.0,1.0,0.0,134.0,135.0,136.0,0.0,0.0
143.0,2.0,49.0,1.0,64.0,3.8,0.0,1.3,8.0,0.0,0.0,0.0,143.0,67.0,210.0,10.0,2.0,145.0,111.0,149.0,49.0,0.0
142.0,5.0,0.0,5.0,41.0,1.0,0.0,10.2,0.0,0.0,0.0,0.0,57.0,111.0,168.0,5.0,0.0,147.0,147.0,149.0,4.0,0.0
145.0,7.0,1.0,1.0,51.0,0.8,0.0,8.7,0.0,0.0,0.0,0.0,92.0,74.0,166.0,4.0,0.0,159.0,155.0,157.0,5.0,1.0
125.0,0.0,7.0,3.0,22.0,2.3,0.0,8.5,4.0,0.0,0.0,0.0,125.0,53.0,178.0,8.0,0.0,143.0,122.0,130.0,94.0,0.0
125.0,0.0,0.0,5.0,65.0,1.3,0.0,3.0,5.0,0.0,1.0,0.0,77.0,78.0,155.0,4.0,0.0,110.0,111.0,113.0,8.0,0.0
132.0,0.0,0.0,6.0,32.0,1.3,0.0,13.6,0.0,1.0,1.0,0.0,91.0,60.0,151.0,1.0,1.0,99.0,116.0,125.0,72.0,1.0
131.0,6.0,0.0,1.0,25.0,1.3,0.0,6.8,0.0,0.0,0.0,0.0,82.0,87.0,169.0,5.0,0.0,136.0,141.0,141.0,9.0,0.0
115.0,3.0,0.0,3.0,22.0,1.5,0.0,13.2,0.0,0.0,0.0,0.0,51.0,102.0,153.0,2.0,0.0,112.0,118.0,117.0,11.0,-1.0
130.0,6.0,1.0,1.0,72.0,0.9,9.0,4.8,0.0,0.0,0.0,0.0,31.0,127.0,158.0,1.0,0.0,139.0,139.0,141.0,3.0,0.0
139.0,8.0,0.0,6.0,50.0,0.9,0.0,13.4,0.0,0.0,0.0,0.0,71.0,107.0,178.0,4.0,0.0,162.0,153.0,158.0,25.0,1.0
120.0,0.0,4.0,2.0,45.0,0.9,0.0,9.9,1.0,0.0,0.0,0.0,39.0,102.0,141.0,3.0,0.0,115.0,114.0,116.0,1.0,0.0
122.0,1.0,0.0,3.0,16.0,2.7,0.0,5.5,11.0,0.0,0.0,0.0,96.0,56.0,152.0,1.0,2.0,112.0,113.0,116.0,21.0,0.0
128.0,6.0,10.0,3.0,40.0,1.1,0.0,12.7,0.0,0.0,0.0,0.0,123.0,59.0,182.0,7.0,0.0,129.0,139.0,136.0,25.0,0.0
129.0,0.0,0.0,5.0,65.0,2.6,0.0,0.0,8.0,0.0,1.0,0.0,101.0,50.0,151.0,9.0,2.0,105.0,91.0,113.0,13.0,0.0
129.0,0.0,1.0,6.0,65.0,2.9,0.0,0.0,9.0,0.0,2.0,0.0,101.0,50.0,151.0,6.0,2.0,105.0,84.0,111.0,12.0,0.0
139.0,9.0,1.0,9.0,52.0,1.5,4.0,10.2,5.0,0.0,0.0,0.0,96.0,76.0,172.0,5.0,0.0,158.0,140.0,145.0,57.0,1.0
139.0,3.0,0.0,5.0,58.0,0.5,0.0,8.1,0.0,0.0,0.0,0.0,61.0,107.0,168.0,3.0,0.0,153.0,152.0,154.0,3.0,1.0
130.0,1.0,2.0,0.0,56.0,0.5,34.0,7.2,0.0,0.0,0.0,0.0,55.0,125.0,180.0,4.0,0.0,129.0,132.0,132.0,3.0,-1.0
130.0,12.0,0.0,7.0,50.0,1.4,0.0,2.8,0.0,0.0,0.0,0.0,68.0,104.0,172.0,4.0,1.0,144.0,142.0,144.0,10.0,0.0
135.0,3.0,0.0,2.0,26.0,1.5,0.0,3.4,1.0,0.0,0.0,0.0,68.0,90.0,158.0,4.0,0.0,139.0,137.0,139.0,10.0,1.0
136.0,0.0,0.0,3.0,37.0,1.0,0.0,15.7,0.0,0.0,0.0,0.0,37.0,117.0,154.0,2.0,1.0,138.0,137.0,139.0,2.0,0.0
136.0,7.0,0.0,8.0,43.0,0.7,4.0,5.1,1.0,0.0,0.0,0.0,46.0,112.0,158.0,1.0,0.0,144.0,142.0,144.0,3.0,1.0
138.0,0.0,0.0,6.0,34.0,1.0,6.0,10.5,2.0,0.0,0.0,0.0,56.0,99.0,155.0,5.0,0.0,148.0,142.0,146.0,9.0,1.0
127.0,6.0,0.0,5.0,22.0,2.1,0.0,22.7,2.0,0.0,0.0,0.0,119.0,63.0,182.0,6.0,0.0,131.0,133.0,135.0,32.0,0.0
122.0,0.0,0.0,3.0,23.0,1.5,1.0,9.2,0.0,0.0,0.0,0.0,28.0,113.0,141.0,1.0,0.0,122.0,124.0,124.0,2.0,0.0
125.0,2.0,8.0,3.0,22.0,2.2,0.0,8.5,4.0,0.0,0.0,0.0,125.0,53.0,178.0,9.0,0.0,143.0,123.0,131.0,84.0,0.0
132.0,0.0,0.0,3.0,32.0,1.1,0.0,15.5,0.0,0.0,0.0,0.0,39.0,111.0,150.0,1.0,0.0,133.0,131.0,132.0,3.0,0.0
110.0,6.0,1.0,8.0,63.0,1.9,0.0,7.2,1.0,0.0,0.0,0.0,88.0,90.0,178.0,4.0,0.0,107.0,115.0,114.0,48.0,-1.0
146.0,4.0,0.0,5.0,27.0,1.3,0.0,9.4,0.0,0.0,0.0,0.0,62.0,126.0,188.0,4.0,0.0,157.0,156.0,157.0,5.0,0.0
139.0,0.0,4.0,0.0,62.0,0.7,27.0,11.5,0.0,0.0,0.0,0.0,111.0,73.0,184.0,4.0,0.0,148.0,147.0,148.0,2.0,1.0
132.0,6.0,0.0,2.0,26.0,1.5,0.0,7.5,3.0,0.0,0.0,0.0,94.0,68.0,162.0,9.0,1.0,143.0,137.0,142.0,26.0,1.0
137.0,2.0,4.0,7.0,58.0,1.9,0.0,3.9,6.0,0.0,0.0,0.0,109.0,52.0,161.0,8.0,2.0,139.0,132.0,140.0,28.0,1.0
136.0,0.0,0.0,3.0,52.0,0.5,28.0,6.1,0.0,0.0,0.0,0.0,14.0,136.0,150.0,1.0,0.0,144.0,143.0,145.0,0.0,0.0
119.0,1.0,0.0,2.0,30.0,1.3,2.0,11.6,0.0,0.0,0.0,0.0,89.0,77.0,166.0,3.0,2.0,121.0,122.0,123.0,3.0,0.0
138.0,17.0,0.0,4.0,50.0,1.1,0.0,2.9,1.0,0.0,0.0,0.0,87.0,84.0,171.0,4.0,1.0,147.0,147.0,148.0,10.0,1.0
123.0,0.0,0.0,0.0,41.0,0.9,23.0,10.6,0.0,0.0,0.0,0.0,83.0,59.0,142.0,4.0,0.0,127.0,125.0,127.0,2.0,1.0
122.0,3.0,0.0,2.0,20.0,2.0,0.0,10.2,0.0,0.0,0.0,0.0,42.0,104.0,146.0,0.0,0.0,131.0,128.0,130.0,4.0,0.0
117.0,0.0,7.0,0.0,51.0,0.8,9.0,13.3,0.0,0.0,0.0,0.0,77.0,56.0,133.0,5.0,0.0,123.0,122.0,124.0,2.0,1.0
154.0,3.0,0.0,2.0,44.0,2.0,0.0,26.3,1.0,0.0,0.0,0.0,147.0,50.0,197.0,10.0,10.0,153.0,158.0,162.0,27.0,1.0
142.0,0.0,27.0,0.0,55.0,0.6,5.0,12.2,0.0,0.0,0.0,0.0,44.0,116.0,160.0,4.0,0.0,145.0,145.0,147.0,2.0,1.0
144.0,6.0,5.0,1.0,73.0,0.7,0.0,5.2,1.0,0.0,0.0,0.0,98.0,82.0,180.0,3.0,0.0,156.0,154.0,157.0,5.0,1.0
136.0,4.0,0.0,5.0,46.0,0.8,1.0,7.4,0.0,0.0,0.0,0.0,39.0,119.0,158.0,1.0,1.0,144.0,143.0,145.0,1.0,0.0
148.0,0.0,0.0,0.0,65.0,0.4,20.0,6.7,0.0,0.0,0.0,0.0,21.0,141.0,162.0,1.0,0.0,157.0,155.0,157.0,1.0,1.0
133.0,2.0,12.0,3.0,46.0,1.1,0.0,15.4,2.0,0.0,0.0,0.0,69.0,95.0,164.0,5.0,0.0,139.0,135.0,138.0,9.0,0.0
146.0,0.0,0.0,5.0,65.0,0.4,33.0,7.4,0.0,0.0,0.0,0.0,30.0,134.0,164.0,1.0,0.0,150.0,149.0,151.0,1.0,0.0
130.0,10.0,42.0,6.0,43.0,1.0,0.0,5.1,0.0,0.0,0.0,0.0,88.0,71.0,159.0,5.0,1.0,133.0,142.0,142.0,17.0,1.0
144.0,0.0,1.0,0.0,47.0,0.8,11.0,13.6,0.0,0.0,0.0,0.0,90.0,74.0,164.0,5.0,1.0,153.0,151.0,152.0,3.0,1.0
142.0,9.0,0.0,9.0,41.0,1.0,0.0,7.2,0.0,0.0,0.0,0.0,41.0,132.0,173.0,3.0,0.0,150.0,150.0,151.0,3.0,0.0
136.0,0.0,1.0,5.0,74.0,1.0,21.0,7.0,0.0,0.0,0.0,0.0,42.0,107.0,149.0,2.0,0.0,137.0,135.0,138.0,1.0,1.0
127.0,0.0,0.0,6.0,65.0,0.4,67.0,4.3,0.0,0.0,0.0,0.0,12.0,119.0,131.0,1.0,0.0,123.0,124.0,125.0,0.0,0.0
133.0,0.0,14.0,0.0,69.0,0.4,25.0,10.0,0.0,0.0,0.0,0.0,58.0,127.0,185.0,5.0,0.0,133.0,136.0,137.0,4.0,-1.0
125.0,9.0,18.0,1.0,48.0,0.8,0.0,4.9,0.0,0.0,0.0,0.0,63.0,82.0,145.0,9.0,0.0,133.0,132.0,133.0,3.0,1.0
142.0,2.0,0.0,3.0,46.0,0.7,27.0,5.9,0.0,0.0,0.0,0.0,26.0,133.0,159.0,1.0,0.0,150.0,148.0,150.0,1.0,0.0
115.0,4.0,0.0,7.0,20.0,1.7,0.0,9.9,1.0,0.0,0.0,0.0,78.0,79.0,157.0,4.0,2.0,120.0,121.0,123.0,7.0,0.0
139.0,10.0,1.0,5.0,52.0,1.6,0.0,20.0,0.0,0.0,0.0,0.0,107.0,97.0,204.0,8.0,0.0,138.0,155.0,153.0,77.0,0.0
138.0,5.0,0.0,3.0,37.0,1.2,0.0,5.2,0.0,0.0,0.0,0.0,52.0,116.0,168.0,2.0,0.0,146.0,146.0,147.0,4.0,0.0
142.0,0.0,0.0,4.0,44.0,1.5,33.0,5.7,3.0,0.0,0.0,0.0,115.0,67.0,182.0,2.0,1.0,157.0,141.0,153.0,87.0,1.0
136.0,6.0,0.0,6.0,31.0,1.4,0.0,8.0,2.0,0.0,0.0,0.0,79.0,88.0,167.0,2.0,0.0,144.0,140.0,144.0,14.0,1.0
128.0,5.0,11.0,6.0,29.0,1.6,0.0,6.4,4.0,0.0,1.0,0.0,91.0,65.0,156.0,8.0,0.0,133.0,129.0,133.0,27.0,1.0
128.0,6.0,0.0,2.0,26.0,2.2,0.0,5.7,4.0,0.0,0.0,0.0,95.0,79.0,174.0,2.0,1.0,157.0,142.0,146.0,43.0,1.0
132.0,1.0,0.0,6.0,25.0,1.9,0.0,19.7,5.0,0.0,0.0,0.0,99.0,54.0,153.0,6.0,0.0,133.0,127.0,133.0,34.0,1.0
143.0,4.0,0.0,5.0,44.0,0.9,6.0,9.4,0.0,0.0,0.0,0.0,43.0,130.0,173.0,7.0,0.0,147.0,148.0,148.0,4.0,0.0
123.0,1.0,0.0,3.0,29.0,1.1,0.0,3.9,4.0,0.0,0.0,0.0,56.0,92.0,148.0,3.0,0.0,123.0,122.0,124.0,6.0,0.0
143.0,0.0,5.0,0.0,67.0,0.4,34.0,7.5,0.0,0.0,0.0,0.0,27.0,129.0,156.0,3.0,0.0,151.0,146.0,149.0,3.0,1.0
130.0,3.0,6.0,7.0,52.0,3.0,0.0,3.3,3.0,0.0,0.0,0.0,76.0,87.0,163.0,6.0,0.0,139.0,130.0,136.0,15.0,0.0
119.0,1.0,0.0,3.0,29.0,1.3,2.0,10.6,1.0,0.0,0.0,0.0,89.0,77.0,166.0,3.0,1.0,121.0,121.0,123.0,4.0,0.0
138.0,0.0,9.0,1.0,64.0,0.4,30.0,7.0,2.0,0.0,0.0,0.0,41.0,118.0,159.0,2.0,0.0,144.0,143.0,145.0,5.0,0.0
139.0,3.0,4.0,2.0,54.0,0.7,5.0,7.3,0.0,0.0,0.0,0.0,101.0,65.0,166.0,2.0,0.0,147.0,145.0,147.0,5.0,1.0
135.0,6.0,0.0,7.0,48.0,0.7,1.0,8.1,0.0,0.0,0.0,0.0,42.0,120.0,162.0,5.0,0.0,139.0,141.0,142.0,4.0,0.0
122.0,2.0,0.0,2.0,32.0,1.2,0.0,8.7,0.0,0.0,0.0,0.0,52.0,95.0,147.0,3.0,1.0,123.0,122.0,124.0,4.0,0.0
146.0,0.0,0.0,3.0,27.0,1.9,15.0,6.4,5.0,0.0,0.0,0.0,81.0,86.0,167.0,5.0,0.0,151.0,140.0,145.0,31.0,1.0
136.0,0.0,0.0,4.0,36.0,1.0,0.0,16.1,0.0,0.0,0.0,0.0,37.0,117.0,154.0,2.0,0.0,139.0,137.0,138.0,3.0,0.0
150.0,0.0,0.0,6.0,56.0,0.5,19.0,7.9,0.0,0.0,0.0,0.0,19.0,148.0,167.0,2.0,0.0,153.0,157.0,158.0,3.0,0.0
144.0,4.0,62.0,3.0,66.0,3.4,0.0,0.3,8.0,0.0,1.0,0.0,113.0,67.0,180.0,7.0,0.0,141.0,110.0,147.0,89.0,1.0
133.0,0.0,1.0,6.0,70.0,2.0,6.0,2.5,0.0,0.0,0.0,0.0,68.0,91.0,159.0,7.0,1.0,133.0,132.0,135.0,3.0,0.0
144.0,5.0,4.0,2.0,33.0,1.7,0.0,21.5,0.0,0.0,0.0,0.0,103.0,71.0,174.0,5.0,1.0,150.0,149.0,151.0,10.0,1.0
130.0,0.0,0.0,0.0,53.0,0.6,51.0,5.0,0.0,0.0,0.0,0.0,19.0,114.0,133.0,2.0,0.0,120.0,122.0,122.0,3.0,-1.0
133.0,0.0,3.0,8.0,63.0,2.4,0.0,0.1,3.0,0.0,0.0,0.0,39.0,103.0,142.0,2.0,0.0,133.0,125.0,131.0,8.0,1.0
136.0,0.0,0.0,5.0,33.0,1.3,0.0,8.0,5.0,0.0,0.0,0.0,81.0,73.0,154.0,4.0,1.0,133.0,132.0,135.0,17.0,1.0
120.0,0.0,3.0,0.0,51.0,0.7,15.0,7.4,0.0,0.0,0.0,0.0,21.0,109.0,130.0,1.0,1.0,123.0,121.0,123.0,0.0,0.0
140.0,0.0,3.0,5.0,63.0,1.2,3.0,8.1,4.0,0.0,0.0,0.0,94.0,65.0,159.0,3.0,2.0,140.0,131.0,139.0,28.0,1.0
121.0,10.0,6.0,1.0,39.0,1.3,0.0,6.9,0.0,0.0,0.0,0.0,132.0,68.0,200.0,8.0,1.0,133.0,132.0,134.0,8.0,0.0
132.0,0.0,0.0,4.0,30.0,1.2,0.0,14.6,1.0,0.0,0.0,0.0,55.0,95.0,150.0,1.0,1.0,133.0,128.0,132.0,12.0,0.0
158.0,0.0,0.0,0.0,54.0,0.6,34.0,8.0,0.0,0.0,0.0,0.0,93.0,77.0,170.0,3.0,0.0,165.0,163.0,165.0,2.0,1.0
136.0,14.0,0.0,5.0,23.0,2.4,0.0,5.9,0.0,0.0,0.0,0.0,52.0,117.0,169.0,2.0,0.0,143.0,145.0,146.0,7.0,0.0
142.0,0.0,1.0,0.0,40.0,1.1,12.0,10.8,0.0,0.0,0.0,0.0,97.0,57.0,154.0,2.0,0.0,148.0,144.0,147.0,4.0,1.0
132.0,1.0,0.0,5.0,30.0,1.2,0.0,14.7,0.0,0.0,1.0,0.0,58.0,95.0,153.0,3.0,0.0,133.0,128.0,132.0,16.0,0.0
120.0,2.0,0.0,1.0,57.0,1.5,0.0,8.0,7.0,0.0,0.0,0.0,78.0,79.0,157.0,5.0,1.0,113.0,115.0,119.0,28.0,0.0
144.0,2.0,0.0,6.0,26.0,1.6,0.0,20.8,2.0,0.0,0.0,0.0,76.0,99.0,175.0,3.0,1.0,150.0,148.0,150.0,12.0,0.0
130.0,3.0,0.0,3.0,36.0,2.5,0.0,8.7,2.0,0.0,0.0,0.0,144.0,51.0,195.0,7.0,2.0,133.0,134.0,134.0,38.0,0.0
143.0,0.0,1.0,0.0,74.0,0.3,54.0,4.9,0.0,0.0,0.0,0.0,23.0,131.0,154.0,3.0,0.0,151.0,150.0,151.0,0.0,1.0
114.0,4.0,31.0,6.0,27.0,2.4,0.0,13.5,0.0,0.0,0.0,0.0,128.0,54.0,182.0,6.0,0.0,119.0,118.0,119.0,13.0,0.0
122.0,0.0,0.0,0.0,29.0,1.3,0.0,10.2,0.0,0.0,0.0,0.0,27.0,110.0,137.0,0.0,1.0,127.0,126.0,127.0,1.0,0.0
133.0,0.0,0.0,2.0,32.0,1.4,0.0,9.8,2.0,0.0,0.0,0.0,43.0,103.0,146.0,1.0,0.0,136.0,132.0,136.0,7.0,1.0
126.0,0.0,0.0,2.0,28.0,1.3,0.0,10.8,0.0,0.0,0.0,0.0,34.0,107.0,141.0,1.0,0.0,127.0,128.0,128.0,3.0,0.0
137.0,18.0,0.0,9.0,53.0,2.7,0.0,0.3,4.0,0.0,0.0,0.0,136.0,52.0,188.0,9.0,2.0,160.0,142.0,163.0,42.0,1.0
114.0,0.0,0.0,9.0,64.0,0.5,0.0,12.2,0.0,0.0,0.0,0.0,25.0,100.0,125.0,1.0,0.0,115.0,114.0,116.0,1.0,0.0
143.0,0.0,1.0,0.0,64.0,0.4,19.0,6.5,0.0,0.0,0.0,0.0,17.0,137.0,154.0,2.0,0.0,144.0,144.0,145.0,0.0,0.0
125.0,2.0,0.0,5.0,40.0,0.7,9.0,8.1,0.0,0.0,0.0,0.0,29.0,122.0,151.0,1.0,0.0,131.0,132.0,132.0,2.0,-1.0
140.0,2.0,1.0,8.0,64.0,1.2,0.0,6.5,5.0,0.0,0.0,0.0,66.0,95.0,161.0,5.0,0.0,143.0,134.0,141.0,21.0,1.0
133.0,3.0,1.0,12.0,57.0,1.9,0.0,6.2,5.0,0.0,0.0,0.0,90.0,71.0,161.0,7.0,1.0,140.0,124.0,140.0,20.0,1.0
136.0,3.0,0.0,6.0,48.0,0.7,2.0,9.4,0.0,0.0,0.0,0.0,42.0,121.0,163.0,1.0,1.0,144.0,144.0,145.0,2.0,0.0
133.0,3.0,0.0,6.0,52.0,0.7,1.0,9.2,0.0,0.0,0.0,0.0,67.0,94.0,161.0,4.0,0.0,136.0,137.0,138.0,2.0,0.0
135.0,0.0,0.0,7.0,59.0,0.5,32.0,6.1,0.0,0.0,0.0,0.0,16.0,132.0,148.0,1.0,0.0,140.0,140.0,142.0,0.0,0.0
131.0,2.0,0.0,4.0,42.0,1.0,11.0,4.6,4.0,0.0,0.0,0.0,102.0,51.0,153.0,6.0,0.0,143.0,134.0,141.0,34.0,1.0
136.0,0.0,2.0,4.0,63.0,2.2,0.0,1.9,4.0,0.0,1.0,0.0,86.0,67.0,153.0,6.0,0.0,134.0,112.0,123.0,71.0,1.0
147.0,0.0,0.0,0.0,63.0,0.4,12.0,8.1,0.0,0.0,0.0,0.0,80.0,74.0,154.0,1.0,0.0,148.0,147.0,149.0,1.0,1.0
137.0,8.0,2.0,6.0,57.0,1.4,0.0,6.8,3.0,0.0,0.0,0.0,109.0,69.0,178.0,3.0,1.0,148.0,143.0,149.0,43.0,1.0
137.0,2.0,2.0,7.0,58.0,1.8,0.0,5.9,6.0,0.0,0.0,0.0,106.0,60.0,166.0,6.0,0.0,139.0,133.0,141.0,22.0,1.0
135.0,4.0,0.0,5.0,23.0,1.8,0.0,8.8,3.0,0.0,0.0,0.0,112.0,60.0,172.0,6.0,2.0,139.0,137.0,140.0,20.0,1.0
143.0,0.0,0.0,1.0,59.0,0.5,29.0,9.8,0.0,0.0,0.0,0.0,37.0,120.0,157.0,5.0,1.0,146.0,146.0,147.0,2.0,1.0
115.0,3.0,0.0,8.0,24.0,1.6,0.0,10.1,2.0,0.0,1.0,0.0,108.0,71.0,179.0,3.0,2.0,133.0,122.0,129.0,45.0,0.0
156.0,0.0,0.0,8.0,43.0,4.1,0.0,22.2,5.0,0.0,0.0,0.0,150.0,50.0,200.0,7.0,1.0,151.0,142.0,152.0,72.0,1.0
120.0,0.0,0.0,4.0,62.0,1.3,0.0,9.4,7.0,0.0,2.0,0.0,83.0,69.0,152.0,6.0,1.0,86.0,101.0,101.0,56.0,0.0
120.0,0.0,0.0,1.0,64.0,1.1,0.0,0.0,6.0,0.0,2.0,0.0,80.0,74.0,154.0,3.0,0.0,86.0,99.0,99.0,40.0,-1.0
150.0,0.0,1.0,0.0,84.0,0.3,37.0,5.2,0.0,0.0,0.0,0.0,16.0,140.0,156.0,0.0,0.0,150.0,150.0,151.0,0.0,0.0
124.0,9.0,0.0,5.0,46.0,1.0,0.0,9.3,0.0,0.0,0.0,0.0,92.0,63.0,155.0,6.0,0.0,133.0,133.0,134.0,7.0,1.0
124.0,0.0,0.0,0.0,87.0,0.2,71.0,3.4,0.0,0.0,0.0,0.0,10.0,118.0,128.0,0.0,0.0,124.0,123.0,125.0,0.0,0.0
138.0,0.0,0.0,5.0,45.0,0.7,56.0,6.5,0.0,0.0,0.0,0.0,39.0,113.0,152.0,3.0,0.0,141.0,139.0,141.0,1.0,1.0
138.0,7.0,0.0,2.0,51.0,1.3,0.0,2.0,1.0,0.0,0.0,0.0,98.0,73.0,171.0,8.0,0.0,148.0,145.0,147.0,16.0,1.0
135.0,3.0,0.0,2.0,64.0,0.7,0.0,9.5,0.0,0.0,0.0,0.0,41.0,119.0,160.0,2.0,0.0,147.0,141.0,143.0,7.0,0.0
123.0,8.0,0.0,7.0,34.0,0.9,11.0,3.3,0.0,0.0,0.0,0.0,31.0,116.0,147.0,1.0,0.0,126.0,128.0,128.0,3.0,-1.0
119.0,0.0,0.0,5.0,27.0,1.2,0.0,13.0,0.0,0.0,0.0,0.0,37.0,109.0,146.0,1.0,0.0,120.0,120.0,121.0,1.0,-1.0
135.0,3.0,0.0,3.0,24.0,1.5,0.0,13.1,3.0,0.0,0.0,0.0,55.0,102.0,157.0,4.0,0.0,136.0,134.0,136.0,9.0,0.0
132.0,12.0,0.0,3.0,21.0,2.0,0.0,6.3,5.0,0.0,0.0,0.0,95.0,80.0,175.0,6.0,2.0,143.0,139.0,142.0,23.0,0.0
122.0,1.0,0.0,4.0,17.0,3.4,0.0,18.4,3.0,0.0,0.0,0.0,96.0,62.0,158.0,9.0,0.0,125.0,122.0,126.0,26.0,0.0
133.0,2.0,1.0,8.0,56.0,2.2,0.0,7.2,3.0,0.0,0.0,0.0,90.0,71.0,161.0,2.0,1.0,139.0,120.0,139.0,19.0,1.0
159.0,0.0,0.0,2.0,62.0,0.5,6.0,13.2,0.0,0.0,0.0,0.0,91.0,81.0,172.0,0.0,0.0,163.0,163.0,164.0,2.0,1.0
137.0,0.0,1.0,5.0,59.0,1.9,0.0,6.5,3.0,0.0,0.0,0.0,102.0,64.0,166.0,5.0,1.0,139.0,133.0,140.0,14.0,1.0
120.0,3.0,0.0,1.0,20.0,1.7,0.0,5.8,0.0,0.0,0.0,0.0,42.0,109.0,151.0,2.0,0.0,122.0,126.0,125.0,8.0,0.0
125.0,0.0,0.0,6.0,64.0,1.4,0.0,2.4,7.0,0.0,0.0,0.0,90.0,65.0,155.0,6.0,0.0,111.0,111.0,114.0,8.0,0.0
136.0,2.0,0.0,6.0,24.0,1.6,0.0,3.9,7.0,0.0,1.0,0.0,115.0,60.0,175.0,8.0,0.0,136.0,128.0,135.0,35.0,0.0
110.0,6.0,1.0,16.0,64.0,1.8,0.0,6.8,5.0,0.0,0.0,0.0,176.0,62.0,238.0,7.0,0.0,110.0,106.0,110.0,36.0,-1.0
121.0,4.0,7.0,0.0,56.0,0.6,2.0,10.5,0.0,0.0,0.0,0.0,77.0,62.0,139.0,3.0,0.0,127.0,128.0,129.0,3.0,1.0
133.0,0.0,0.0,2.0,53.0,0.7,2.0,9.8,0.0,0.0,0.0,0.0,34.0,113.0,147.0,4.0,1.0,136.0,136.0,138.0,1.0,1.0
129.0,6.0,4.0,1.0,34.0,1.7,0.0,12.9,0.0,0.0,0.0,0.0,118.0,78.0,196.0,10.0,0.0,137.0,136.0,137.0,6.0,0.0
137.0,13.0,0.0,3.0,57.0,1.8,0.0,0.4,5.0,0.0,0.0,0.0,136.0,52.0,188.0,7.0,1.0,146.0,142.0,157.0,53.0,1.0
137.0,0.0,1.0,0.0,60.0,0.6,22.0,13.1,0.0,0.0,0.0,0.0,96.0,71.0,167.0,3.0,0.0,143.0,144.0,144.0,3.0,1.0
133.0,4.0,265.0,2.0,25.0,1.7,0.0,13.3,2.0,0.0,0.0,0.0,106.0,68.0,174.0,7.0,1.0,143.0,132.0,138.0,41.0,0.0
121.0,8.0,2.0,5.0,56.0,1.4,0.0,12.3,2.0,0.0,0.0,0.0,79.0,90.0,169.0,3.0,0.0,124.0,126.0,127.0,19.0,0.0
130.0,0.0,0.0,2.0,49.0,0.6,25.0,5.4,0.0,0.0,0.0,0.0,14.0,129.0,143.0,1.0,0.0,137.0,136.0,138.0,0.0,0.0
114.0,2.0,0.0,5.0,61.0,1.3,0.0,16.2,0.0,0.0,0.0,0.0,57.0,91.0,148.0,2.0,0.0,113.0,113.0,114.0,10.0,0.0
137.0,0.0,3.0,1.0,75.0,0.2,34.0,6.9,0.0,0.0,0.0,0.0,24.0,127.0,151.0,2.0,0.0,138.0,139.0,140.0,1.0,0.0
139.0,0.0,3.0,0.0,77.0,0.2,55.0,4.3,0.0,0.0,0.0,0.0,11.0,133.0,144.0,1.0,0.0,140.0,139.0,141.0,0.0,0.0
122.0,1.0,0.0,1.0,20.0,1.8,0.0,15.0,0.0,0.0,0.0,0.0,37.0,105.0,142.0,0.0,0.0,125.0,123.0,125.0,4.0,0.0
142.0,1.0,0.0,4.0,23.0,3.6,0.0,1.9,9.0,0.0,0.0,0.0,144.0,50.0,194.0,12.0,1.0,143.0,127.0,135.0,72.0,0.0
125.0,0.0,0.0,3.0,34.0,1.1,0.0,14.6,0.0,0.0,0.0,0.0,85.0,114.0,199.0,4.0,0.0,126.0,127.0,128.0,3.0,-1.0
126.0,5.0,26.0,3.0,42.0,1.5,0.0,7.8,0.0,0.0,0.0,0.0,147.0,51.0,198.0,9.0,0.0,133.0,136.0,134.0,13.0,0.0
123.0,0.0,0.0,0.0,44.0,0.8,34.0,6.3,0.0,0.0,0.0,0.0,82.0,59.0,141.0,4.0,0.0,127.0,126.0,128.0,0.0,1.0
131.0,9.0,40.0,2.0,37.0,1.4,0.0,3.7,0.0,0.0,0.0,0.0,135.0,65.0,200.0,5.0,1.0,139.0,154.0,148.0,70.0,0.0
120.0,6.0,56.0,1.0,28.0,3.2,0.0,12.4,1.0,0.0,0.0,0.0,128.0,53.0,181.0,9.0,1.0,129.0,125.0,127.0,25.0,0.0
133.0,0.0,1.0,4.0,60.0,2.8,0.0,8.1,2.0,0.0,2.0,0.0,105.0,60.0,165.0,5.0,0.0,100.0,98.0,107.0,45.0,0.0
144.0,3.0,0.0,6.0,40.0,0.8,5.0,11.1,0.0,0.0,0.0,0.0,56.0,112.0,168.0,2.0,0.0,157.0,153.0,155.0,5.0,1.0
114.0,6.0,0.0,6.0,18.0,3.0,0.0,14.9,0.0,0.0,0.0,0.0,122.0,76.0,198.0,4.0,1.0,145.0,146.0,147.0,65.0,0.0
137.0,10.0,4.0,5.0,58.0,1.2,0.0,6.4,1.0,0.0,0.0,0.0,48.0,122.0,170.0,1.0,0.0,146.0,144.0,146.0,8.0,0.0
126.0,5.0,0.0,4.0,28.0,1.2,0.0,10.3,0.0,0.0,0.0,0.0,43.0,118.0,161.0,3.0,1.0,131.0,134.0,133.0,9.0,-1.0
134.0,8.0,1.0,9.0,57.0,1.2,0.0,0.0,5.0,0.0,0.0,0.0,95.0,92.0,187.0,4.0,0.0,151.0,147.0,154.0,44.0,0.0
134.0,0.0,0.0,6.0,33.0,1.4,20.0,9.9,6.0,0.0,0.0,0.0,110.0,53.0,163.0,3.0,1.0,136.0,129.0,136.0,27.0,1.0
127.0,1.0,0.0,3.0,33.0,1.0,0.0,7.6,0.0,0.0,0.0,0.0,32.0,114.0,146.0,0.0,0.0,129.0,130.0,132.0,3.0,0.0
142.0,0.0,0.0,1.0,25.0,1.3,0.0,11.6,0.0,0.0,0.0,0.0,26.0,130.0,156.0,0.0,0.0,147.0,145.0,147.0,2.0,0.0
120.0,3.0,2.0,2.0,62.0,0.4,13.0,7.9,0.0,0.0,0.0,0.0,35.0,106.0,141.0,2.0,0.0,120.0,122.0,122.0,3.0,0.0
142.0,7.0,0.0,8.0,42.0,1.0,0.0,11.4,0.0,0.0,0.0,0.0,97.0,74.0,171.0,6.0,0.0,148.0,148.0,149.0,5.0,1.0
122.0,5.0,0.0,3.0,22.0,1.8,0.0,11.5,1.0,0.0,0.0,0.0,52.0,96.0,148.0,1.0,0.0,131.0,128.0,130.0,7.0,0.0
126.0,8.0,0.0,5.0,24.0,1.5,0.0,9.4,0.0,0.0,0.0,0.0,33.0,122.0,155.0,1.0,1.0,136.0,137.0,138.0,3.0,0.0
119.0,0.0,0.0,5.0,27.0,1.2,0.0,13.4,0.0,0.0,0.0,0.0,36.0,110.0,146.0,1.0,0.0,120.0,120.0,121.0,1.0,-1.0
140.0,0.0,2.0,2.0,60.0,1.4,0.0,4.7,7.0,0.0,0.0,0.0,96.0,63.0,159.0,8.0,1.0,142.0,133.0,143.0,29.0,1.0
135.0,5.0,0.0,5.0,27.0,1.5,0.0,5.8,4.0,0.0,0.0,0.0,96.0,69.0,165.0,5.0,2.0,143.0,139.0,142.0,17.0,1.0
144.0,0.0,1.0,1.0,83.0,0.3,31.0,5.8,0.0,0.0,0.0,0.0,38.0,132.0,170.0,2.0,0.0,144.0,144.0,145.0,0.0,-1.0
137.0,10.0,2.0,6.0,57.0,1.4,0.0,6.2,4.0,0.0,0.0,0.0,109.0,69.0,178.0,4.0,0.0,146.0,143.0,149.0,43.0,1.0
137.0,0.0,0.0,0.0,63.0,0.5,36.0,7.5,0.0,0.0,0.0,0.0,96.0,71.0,167.0,3.0,0.0,143.0,141.0,143.0,1.0,1.0
144.0,0.0,0.0,6.0,46.0,0.8,1.0,13.0,0.0,0.0,0.0,0.0,37.0,132.0,169.0,4.0,0.0,162.0,158.0,160.0,5.0,1.0
140.0,0.0,1.0,2.0,61.0,1.3,0.0,3.9,7.0,0.0,0.0,0.0,93.0,66.0,159.0,7.0,1.0,142.0,135.0,144.0,24.0,1.0
144.0,3.0,0.0,2.0,39.0,1.0,5.0,2.8,0.0,0.0,0.0,0.0,43.0,136.0,179.0,1.0,0.0,157.0,157.0,157.0,4.0,0.0
119.0,0.0,0.0,1.0,25.0,1.3,9.0,9.3,0.0,0.0,0.0,0.0,40.0,103.0,143.0,3.0,0.0,126.0,122.0,124.0,4.0,0.0
130.0,8.0,1.0,1.0,71.0,0.7,10.0,4.0,0.0,0.0,0.0,0.0,31.0,127.0,158.0,1.0,0.0,139.0,140.0,141.0,3.0,0.0
132.0,7.0,7.0,7.0,55.0,0.6,16.0,8.3,0.0,0.0,0.0,0.0,42.0,115.0,157.0,2.0,0.0,133.0,138.0,139.0,7.0,0.0
128.0,7.0,19.0,3.0,52.0,0.6,0.0,6.7,0.0,0.0,0.0,0.0,36.0,121.0,157.0,4.0,0.0,140.0,138.0,139.0,5.0,0.0
122.0,0.0,3.0,5.0,17.0,4.9,0.0,22.1,2.0,0.0,0.0,0.0,145.0,53.0,198.0,13.0,0.0,127.0,122.0,126.0,25.0,0.0
127.0,0.0,0.0,5.0,62.0,0.5,73.0,4.0,0.0,0.0,0.0,0.0,12.0,119.0,131.0,1.0,0.0,123.0,124.0,125.0,0.0,0.0
134.0,3.0,1.0,1.0,62.0,1.5,0.0,0.0,2.0,0.0,2.0,0.0,113.0,71.0,184.0,4.0,0.0,89.0,113.0,110.0,148.0,-1.0
110.0,4.0,0.0,11.0,64.0,2.1,0.0,5.6,6.0,0.0,0.0,0.0,176.0,62.0,238.0,10.0,0.0,107.0,101.0,108.0,33.0,-1.0
136.0,0.0,0.0,4.0,51.0,0.6,28.0,6.2,0.0,0.0,0.0,0.0,12.0,136.0,148.0,1.0,0.0,144.0,142.0,144.0,0.0,0.0
128.0,1.0,0.0,5.0,28.0,3.4,0.0,20.0,1.0,0.0,0.0,0.0,137.0,54.0,191.0,9.0,1.0,125.0,137.0,130.0,79.0,0.0
144.0,2.0,2.0,2.0,35.0,1.8,0.0,24.7,0.0,0.0,0.0,0.0,118.0,56.0,174.0,6.0,1.0,151.0,148.0,151.0,12.0,1.0
144.0,0.0,1.0,0.0,75.0,0.3,58.0,4.0,0.0,0.0,0.0,0.0,10.0,144.0,154.0,2.0,0.0,151.0,150.0,152.0,0.0,1.0
122.0,4.0,0.0,3.0,31.0,1.2,0.0,6.7,2.0,0.0,0.0,0.0,57.0,93.0,150.0,2.0,0.0,133.0,130.0,134.0,12.0,1.0
138.0,0.0,0.0,5.0,57.0,2.5,0.0,0.7,7.0,0.0,0.0,0.0,106.0,55.0,161.0,6.0,1.0,135.0,109.0,123.0,113.0,1.0
118.0,2.0,0.0,6.0,25.0,1.4,22.0,7.9,2.0,0.0,0.0,0.0,88.0,72.0,160.0,2.0,2.0,126.0,120.0,123.0,11.0,0.0
122.0,6.0,0.0,3.0,20.0,2.0,0.0,9.9,0.0,0.0,0.0,0.0,43.0,108.0,151.0,0.0,0.0,131.0,129.0,130.0,4.0,0.0
132.0,0.0,0.0,2.0,64.0,0.4,38.0,6.3,0.0,0.0,0.0,0.0,22.0,121.0,143.0,2.0,0.0,133.0,132.0,133.0,0.0,0.0
130.0,9.0,0.0,5.0,51.0,1.5,0.0,5.0,5.0,0.0,0.0,0.0,101.0,77.0,178.0,7.0,0.0,130.0,135.0,137.0,39.0,0.0
152.0,0.0,0.0,4.0,58.0,0.5,59.0,7.5,1.0,0.0,0.0,0.0,54.0,110.0,164.0,3.0,2.0,159.0,155.0,158.0,4.0,1.0
125.0,6.0,4.0,2.0,22.0,2.2,0.0,0.0,2.0,0.0,0.0,0.0,107.0,67.0,174.0,7.0,1.0,134.0,134.0,138.0,21.0,0.0
115.0,4.0,0.0,5.0,21.0,2.3,0.0,1.7,2.0,0.0,1.0,0.0,125.0,71.0,196.0,3.0,0.0,145.0,127.0,130.0,127.0,0.0
128.0,8.0,0.0,6.0,45.0,2.8,2.0,10.4,4.0,0.0,0.0,0.0,128.0,51.0,179.0,9.0,1.0,133.0,132.0,135.0,24.0,0.0
122.0,2.0,0.0,8.0,26.0,1.4,1.0,8.2,0.0,0.0,0.0,0.0,36.0,114.0,150.0,2.0,0.0,122.0,126.0,126.0,6.0,-1.0
120.0,0.0,0.0,4.0,60.0,1.6,0.0,9.0,9.0,0.0,0.0,0.0,85.0,69.0,154.0,4.0,1.0,86.0,105.0,105.0,75.0,0.0
121.0,4.0,3.0,3.0,56.0,1.9,0.0,3.0,4.0,0.0,0.0,0.0,99.0,70.0,169.0,5.0,1.0,124.0,121.0,127.0,38.0,0.0
127.0,0.0,1.0,5.0,62.0,0.7,64.0,4.1,0.0,0.0,0.0,0.0,20.0,120.0,140.0,1.0,0.0,124.0,125.0,126.0,1.0,-1.0
146.0,0.0,0.0,4.0,65.0,0.4,39.0,7.0,0.0,0.0,0.0,0.0,19.0,137.0,156.0,1.0,0.0,150.0,149.0,151.0,1.0,1.0
150.0,1.0,0.0,0.0,47.0,1.4,10.0,12.1,2.0,0.0,0.0,0.0,145.0,52.0,197.0,8.0,0.0,159.0,154.0,157.0,13.0,1.0
125.0,1.0,0.0,5.0,31.0,1.1,1.0,12.5,0.0,0.0,0.0,0.0,38.0,109.0,147.0,4.0,0.0,125.0,125.0,127.0,3.0,0.0
134.0,0.0,0.0,5.0,32.0,1.2,20.0,6.4,7.0,0.0,0.0,0.0,102.0,53.0,155.0,5.0,1.0,136.0,128.0,135.0,30.0,1.0
140.0,4.0,1.0,8.0,63.0,1.2,0.0,6.2,5.0,0.0,0.0,0.0,70.0,95.0,165.0,6.0,0.0,147.0,137.0,143.0,25.0,1.0
133.0,4.0,314.0,3.0,35.0,1.3,0.0,5.4,2.0,0.0,0.0,0.0,88.0,68.0,156.0,7.0,0.0,133.0,133.0,136.0,18.0,1.0
125.0,2.0,0.0,2.0,32.0,1.0,0.0,6.3,0.0,0.0,0.0,0.0,50.0,114.0,164.0,2.0,0.0,127.0,131.0,130.0,9.0,-1.0
123.0,1.0,0.0,5.0,54.0,0.5,9.0,8.4,0.0,0.0,0.0,0.0,29.0,116.0,145.0,4.0,0.0,126.0,128.0,129.0,3.0,0.0
134.0,16.0,7.0,4.0,47.0,2.7,0.0,0.0,3.0,0.0,0.0,0.0,110.0,60.0,170.0,5.0,0.0,150.0,147.0,153.0,31.0,1.0
135.0,2.0,46.0,4.0,65.0,2.0,0.0,5.2,1.0,0.0,0.0,0.0,65.0,96.0,161.0,3.0,0.0,138.0,130.0,141.0,3.0,1.0
125.0,2.0,0.0,3.0,32.0,1.0,7.0,8.4,1.0,0.0,0.0,0.0,54.0,93.0,147.0,2.0,0.0,126.0,126.0,128.0,3.0,0.0
139.0,0.0,6.0,0.0,75.0,0.4,47.0,9.2,0.0,0.0,0.0,0.0,79.0,66.0,145.0,6.0,0.0,140.0,139.0,141.0,2.0,1.0
130.0,0.0,1.0,0.0,59.0,0.4,34.0,6.8,0.0,0.0,0.0,0.0,21.0,125.0,146.0,1.0,0.0,129.0,132.0,133.0,3.0,-1.0
129.0,9.0,36.0,4.0,40.0,1.4,0.0,7.5,0.0,0.0,0.0,0.0,73.0,115.0,188.0,10.0,1.0,150.0,145.0,150.0,12.0,0.0
112.0,6.0,0.0,4.0,24.0,1.3,6.0,6.4,0.0,0.0,0.0,0.0,37.0,105.0,142.0,1.0,0.0,114.0,116.0,115.0,4.0,-1.0
116.0,1.0,0.0,2.0,46.0,0.7,39.0,5.5,0.0,0.0,0.0,0.0,44.0,91.0,135.0,4.0,0.0,120.0,120.0,122.0,1.0,1.0
138.0,0.0,1.0,4.0,60.0,2.6,0.0,0.0,6.0,0.0,1.0,0.0,106.0,55.0,161.0,8.0,2.0,117.0,99.0,117.0,80.0,0.0
133.0,0.0,0.0,8.0,60.0,0.7,58.0,9.9,0.0,0.0,0.0,0.0,128.0,72.0,200.0,8.0,1.0,133.0,132.0,134.0,2.0,0.0
122.0,0.0,0.0,0.0,19.0,1.9,0.0,15.1,0.0,0.0,0.0,0.0,39.0,103.0,142.0,1.0,0.0,120.0,120.0,122.0,3.0,0.0
150.0,0.0,2.0,0.0,82.0,0.4,38.0,5.2,0.0,0.0,0.0,0.0,12.0,148.0,160.0,0.0,0.0,152.0,154.0,155.0,1.0,0.0
123.0,13.0,2.0,5.0,55.0,2.1,0.0,0.0,0.0,0.0,0.0,0.0,77.0,85.0,162.0,4.0,0.0,140.0,134.0,139.0,10.0,1.0
138.0,1.0,0.0,3.0,43.0,0.7,9.0,8.3,0.0,0.0,0.0,0.0,25.0,131.0,156.0,0.0,0.0,142.0,142.0,144.0,1.0,0.0
123.0,12.0,0.0,2.0,22.0,2.2,0.0,6.7,0.0,0.0,0.0,0.0,52.0,100.0,152.0,2.0,0.0,131.0,132.0,133.0,4.0,0.0
126.0,0.0,0.0,7.0,34.0,1.0,0.0,15.2,0.0,0.0,0.0,0.0,33.0,109.0,142.0,1.0,0.0,134.0,131.0,134.0,3.0,1.0
112.0,1.0,0.0,4.0,17.0,2.0,0.0,11.6,2.0,0.0,0.0,0.0,66.0,78.0,144.0,3.0,1.0,112.0,109.0,111.0,9.0,0.0
123.0,0.0,0.0,2.0,50.0,0.5,8.0,7.6,0.0,0.0,0.0,0.0,21.0,116.0,137.0,1.0,0.0,126.0,126.0,127.0,1.0,0.0
133.0,4.0,142.0,4.0,28.0,1.6,0.0,9.7,1.0,0.0,0.0,0.0,87.0,71.0,158.0,2.0,0.0,141.0,137.0,141.0,11.0,1.0
130.0,13.0,98.0,0.0,31.0,2.6,0.0,14.0,0.0,0.0,0.0,0.0,120.0,50.0,170.0,12.0,0.0,157.0,151.0,156.0,24.0,1.0
127.0,3.0,2.0,0.0,53.0,0.8,0.0,17.9,0.0,0.0,0.0,0.0,104.0,64.0,168.0,3.0,0.0,136.0,134.0,136.0,5.0,1.0
126.0,2.0,0.0,4.0,29.0,1.2,0.0,4.8,0.0,0.0,0.0,0.0,36.0,108.0,144.0,3.0,0.0,127.0,131.0,131.0,4.0,0.0
148.0,0.0,0.0,5.0,50.0,0.5,62.0,4.7,0.0,0.0,0.0,0.0,10.0,153.0,163.0,1.0,0.0,160.0,159.0,161.0,0.0,1.0
135.0,0.0,12.0,1.0,69.0,0.3,78.0,3.9,0.0,0.0,0.0,0.0,9.0,132.0,141.0,1.0,0.0,136.0,136.0,137.0,0.0,0.0
132.0,0.0,0.0,3.0,16.0,2.5,0.0,33.5,0.0,0.0,0.0,0.0,105.0,54.0,159.0,9.0,1.0,136.0,131.0,134.0,15.0,1.0
138.0,3.0,0.0,0.0,46.0,1.0,16.0,3.9,2.0,0.0,0.0,0.0,116.0,51.0,167.0,6.0,3.0,151.0,144.0,151.0,30.0,1.0
121.0,2.0,0.0,4.0,25.0,1.5,0.0,4.4,4.0,0.0,0.0,0.0,73.0,71.0,144.0,4.0,0.0,122.0,112.0,117.0,34.0,0.0
120.0,9.0,42.0,0.0,33.0,2.7,0.0,10.4,0.0,0.0,0.0,0.0,142.0,51.0,193.0,9.0,0.0,167.0,148.0,156.0,76.0,1.0
122.0,0.0,0.0,3.0,39.0,0.8,10.0,8.4,0.0,0.0,0.0,0.0,23.0,106.0,129.0,1.0,0.0,123.0,119.0,121.0,2.0,0.0
136.0,1.0,0.0,3.0,39.0,0.8,28.0,6.6,0.0,0.0,0.0,0.0,33.0,124.0,157.0,4.0,0.0,141.0,139.0,141.0,1.0,0.0
128.0,1.0,3.0,6.0,78.0,1.2,35.0,2.4,0.0,0.0,0.0,0.0,27.0,124.0,151.0,2.0,0.0,128.0,127.0,130.0,1.0,-1.0
146.0,3.0,0.0,6.0,42.0,1.0,35.0,7.5,5.0,0.0,0.0,0.0,88.0,84.0,172.0,2.0,1.0,157.0,151.0,156.0,17.0,1.0
134.0,2.0,0.0,0.0,65.0,1.8,0.0,0.0,0.0,0.0,3.0,0.0,114.0,66.0,180.0,8.0,1.0,88.0,100.0,101.0,83.0,-1.0
133.0,0.0,11.0,3.0,60.0,0.5,14.0,11.4,0.0,0.0,0.0,0.0,80.0,68.0,148.0,4.0,0.0,137.0,136.0,138.0,2.0,1.0
132.0,1.0,3.0,2.0,51.0,0.7,0.0,12.3,0.0,0.0,0.0,0.0,41.0,115.0,156.0,2.0,1.0,136.0,137.0,139.0,2.0,0.0
139.0,8.0,1.0,6.0,50.0,1.5,0.0,10.0,5.0,0.0,0.0,0.0,99.0,76.0,175.0,6.0,0.0,147.0,138.0,143.0,37.0,1.0
133.0,0.0,10.0,0.0,72.0,0.3,20.0,8.8,0.0,0.0,0.0,0.0,32.0,115.0,147.0,2.0,0.0,133.0,136.0,136.0,3.0,0.0
125.0,5.0,0.0,0.0,44.0,0.9,0.0,7.7,0.0,0.0,0.0,0.0,38.0,118.0,156.0,3.0,0.0,138.0,137.0,139.0,3.0,0.0
125.0,4.0,34.0,1.0,23.0,2.2,0.0,4.4,4.0,0.0,0.0,0.0,122.0,78.0,200.0,10.0,0.0,131.0,125.0,128.0,20.0,0.0
130.0,3.0,5.0,9.0,52.0,3.0,0.0,5.6,4.0,0.0,0.0,0.0,69.0,87.0,156.0,4.0,0.0,139.0,129.0,135.0,15.0,1.0
125.0,0.0,0.0,3.0,38.0,0.8,11.0,9.5,0.0,0.0,0.0,0.0,35.0,103.0,138.0,2.0,0.0,131.0,129.0,131.0,1.0,1.0
134.0,14.0,2.0,3.0,48.0,2.2,0.0,0.0,0.0,0.0,0.0,0.0,120.0,50.0,170.0,5.0,0.0,160.0,150.0,155.0,28.0,1.0
